DateTime,PM2.5 (ug/m3),CO (ppm),NO2 (ppb),O3 (ppb),SO2 (ppb),Amb Temp (C),Rel Hum (%),WS (m/s)
01/01/2015 00:00,19,0.3173,12,39,1,15,67,3.2
02/01/2015 00:00,15,0.4357,19,37,0,17,63,1.8
03/01/2015 00:00,15,0.3726,17,38,3,17,63,3.4
04/01/2015 00:00,12,0.35,20,40,10,20,47,2.2
05/01/2015 00:00,17,0.4418,19,45,1,20,47,2.6
06/01/2015 00:00,32,0.5402,23,42,2,20,53,2.5
07/01/2015 00:00,30,0.5873,21,36,2,17,63,3.2
08/01/2015 00:00,29,0.5731,18,50,1,17,63,2
09/01/2015 00:00,38,0.5594,22,33,5,20,57,2.6
10/01/2015 00:00,20,0.5027,26,37,11,19,58,2.2
11/01/2015 00:00,25,0.49,25,36,10,18,53,2.4
12/01/2015 00:00,15,0.4873,27,23,25,19,44,2.5
13/01/2015 00:00,10,0.6765,26,34,3,19,52,2.5
14/01/2015 00:00,33,0.6623,30,18,12,16,71,3.1
15/01/2015 00:00,33,0.883,33,29,8,15,73,2.2
16/01/2015 00:00,29,0.66,24,56,1,17,65,2.5
17/01/2015 00:00,14,0.3211,16,45,5,18,46,2.7
18/01/2015 00:00,22,0.375,14,40,2,16,65,3.5
19/01/2015 00:00,28,0.5618,25,41,5,16,61,2.6
20/01/2015 00:00,21,0.4766,21,40,2,16,58,3
21/01/2015 00:00,16,0.6452,29,31,1,16,57,2.7
22/01/2015 00:00,22,0.6755,33,40,8,17,54,2.5
23/01/2015 00:00,19,0.5727,31,38,7,19,50,2.4
24/01/2015 00:00,25,0.5178,23,46,3,19,55,2.8
25/01/2015 00:00,17,0.3706,18,45,1,17,55,3.2
26/01/2015 00:00,18,0.4874,20,50,1,18,58,2.7
27/01/2015 00:00,28,0.5756,27,46,1,18,63,2
28/01/2015 00:00,14,0.8135,32,25,1,13,79,2.4
29/01/2015 00:00,21,0.4856,21,42,1,16,65,3
30/01/2015 00:00,28,0.7222,36,38,3,17,63,2.1
31/01/2015 00:00,22,0.4692,21,39,0,15,71,2.7
01/02/2015 00:00,12,0.4443,23,51,1,17,56,2.4
02/02/2015 00:00,12,0.4316,17,49,0,17,56,3.6
03/02/2015 00:00,5,0.6124,24,44,2,17,37,2.7
04/02/2015 00:00,4,0.2868,14,67,1,26,30,4.4
05/02/2015 00:00,0,0.4418,28,59,1,22,28,2.8
06/02/2015 00:00,6,0.9465,40,41,3,18,31,2.9
07/02/2015 00:00,6,0.5644,30,38,0,18,48,2.9
08/02/2015 00:00,3,0.5137,21,46,0,19,48,2.5
09/02/2015 00:00,11,0.6243,25,44,1,21,49,2.7
10/02/2015 00:00,21,0.62,27,51,2,21,45,2.4
11/02/2015 00:00,16,0.7163,32,57,3,22,41,1.9
12/02/2015 00:00,22,0.7089,32,43,2,18,57,2.7
13/02/2015 00:00,19,0.6568,28,37,2,20,52,3.6
14/02/2015 00:00,11,0.4274,20,45,1,18,50,3.9
15/02/2015 00:00,23,0.3147,25,29,6,17,45,2.1
16/02/2015 00:00,18,0.5032,23,26,1,16,59,3.3
17/02/2015 00:00,11,0.5053,22,31,2,15,66,3.3
18/02/2015 00:00,15,0.4805,24,30,3,17,55,2.7
19/02/2015 00:00,14,0.5444,31,29,2,19,40,1.5
20/02/2015 00:00,22,0.5995,34,31,4,20,43,3.1
21/02/2015 00:00,13,0.6569,26,23,3,15,64,3
22/02/2015 00:00,8,0.3664,28,29,6,17,51,2.2
23/02/2015 00:00,17,0.545,28,21,5,16,63,2.9
24/02/2015 00:00,18,0.4452,27,39,4,17,50,2.2
25/02/2015 00:00,11,0.5928,28,36,2,15,61,3.1
26/02/2015 00:00,14,0.4846,25,33,3,17,55,2.8
27/02/2015 00:00,14,0.7937,31,35,2,15,64,2.7
28/02/2015 00:00,17,0.4578,29,36,4,13,75,2.7
01/03/2015 00:00,22,0.5205,31,40,8,14,66,2.4
02/03/2015 00:00,14,0.2084,20,29,6,14,63,4.1
03/03/2015 00:00,13,0.3931,34,25,12,14,52,2.3
04/03/2015 00:00,17,0.5063,31,43,5,16,40,2
05/03/2015 00:00,21,0.6191,30,44,5,18,41,2.1
06/03/2015 00:00,30,0.6631,38,33,7,16,62,2.9
07/03/2015 00:00,20,0.444,25,39,6,15,65,2.4
08/03/2015 00:00,17,0.3175,23,43,5,16,58,2.3
09/03/2015 00:00,16,0.3643,33,34,11,16,47,3.2
10/03/2015 00:00,12,0.4335,29,39,4,17,44,2.5
11/03/2015 00:00,18,0.5325,43,36,9,17,44,2.6
12/03/2015 00:00,16,0.5122,29,30,2,15,65,2.6
13/03/2015 00:00,22,0.6085,38,34,5,17,54,2.6
14/03/2015 00:00,24,0.3068,27,33,5,15,62,3.6
15/03/2015 00:00,----,----,----,----,----,----,----,----
16/03/2015 00:00,14,0.5872,26,48,2,20,42,2.6
17/03/2015 00:00,17,0.5856,32,46,4,18,43,2.4
18/03/2015 00:00,19,0.3961,18,46,2,18,62,4.6
19/03/2015 00:00,21,0.5627,28,43,2,19,62,2.5
20/03/2015 00:00,16,0.938,37,38,6,20,52,2.3
21/03/2015 00:00,----,----,----,----,----,----,----,----
22/03/2015 00:00,7,0.9469,42,29,4,16,75,2.1
23/03/2015 00:00,23,0.6766,29,33,7,19,63,3.5
24/03/2015 00:00,21,0.5784,25,37,3,19,59,2.9
25/03/2015 00:00,20,0.4547,24,50,2,18,67,1.7
26/03/2015 00:00,15,0.6593,31,40,2,18,67,2.9
27/03/2015 00:00,23,1.0244,39,36,3,19,59,1.8
28/03/2015 00:00,25,0.542,28,48,2,18,62,2.6
29/03/2015 00:00,18,0.3606,25,45,3,19,50,2
30/03/2015 00:00,20,0.4888,35,35,3,17,64,2.2
31/03/2015 00:00,34,0.5479,35,36,3,19,61,2.3
01/04/2015 00:00,28,0.3672,27,45,4,19,55,2.3
02/04/2015 00:00,21,0.6364,39,40,7,21,45,2.2
03/04/2015 00:00,21,0.478,29,55,3,20,49,2.4
04/04/2015 00:00,24,0.4418,22,49,3,17,64,2.4
05/04/2015 00:00,13,0.275,14,49,2,17,57,2.9
06/04/2015 00:00,20,0.5068,28,38,6,18,43,2.5
07/04/2015 00:00,14,0.5569,24,31,2,16,67,3.4
08/04/2015 00:00,16,0.7951,31,34,3,16,65,2.1
09/04/2015 00:00,21,0.6116,32,36,4,16,62,2.2
10/04/2015 00:00,23,0.6956,38,21,7,15,59,2
11/04/2015 00:00,20,0.4773,28,37,2,16,56,2.6
12/04/2015 00:00,20,0.5746,33,27,5,16,58,1.6
13/04/2015 00:00,22,0.6615,46,7,15,18,42,1.8
14/04/2015 00:00,27,1.1135,52,----,9,15,42,1.6
15/04/2015 00:00,11,0.7911,41,----,2,18,18,2.9
16/04/2015 00:00,8,0.6143,34,----,2,17,28,3.3
17/04/2015 00:00,9,0.6371,36,----,4,14,49,1.7
18/04/2015 00:00,13,0.464,23,----,2,14,71,3.2
19/04/2015 00:00,7,0.4069,20,----,2,14,71,3.3
20/04/2015 00:00,14,0.6925,29,----,2,16,60,2.3
21/04/2015 00:00,14,0.8685,36,----,3,18,44,2.1
22/04/2015 00:00,20,0.4079,24,----,2,16,63,3.8
23/04/2015 00:00,17,0.4066,28,----,4,17,58,3.2
24/04/2015 00:00,23,0.6953,34,----,4,14,69,3.1
25/04/2015 00:00,14,0.6138,31,----,2,17,49,1.9
26/04/2015 00:00,30,0.5162,35,----,3,18,38,1.9
27/04/2015 00:00,13,0.5732,35,----,3,18,35,2
28/04/2015 00:00,12,0.7714,38,----,3,19,31,2.2
29/04/2015 00:00,17,0.8219,44,----,3,20,30,3
30/04/2015 00:00,15,0.3885,34,----,2,17,23,2.9
01/05/2015 00:00,17,0.467,44,8,8,15,20,1.5
02/05/2015 00:00,10,0.5147,43,7,4,16,22,2
03/05/2015 00:00,15,0.5668,50,8,5,18,13,1.9
04/05/2015 00:00,20,1.2338,49,8,4,19,16,1.9
05/05/2015 00:00,28,0.9477,44,10,4,19,22,2.5
06/05/2015 00:00,27,0.9079,33,10,3,19,22,2.1
07/05/2015 00:00,23,0.6705,33,10,4,15,45,3
08/05/2015 00:00,16,0.6953,22,11,2,13,71,3.4
09/05/2015 00:00,24,0.9109,30,12,3,16,50,1.6
10/05/2015 00:00,21,0.6068,28,12,3,15,48,2.3
11/05/2015 00:00,17,0.6967,32,10,5,15,51,2.2
12/05/2015 00:00,15,0.4976,23,14,4,16,48,3.7
13/05/2015 00:00,12,0.5748,29,12,3,17,32,3.1
14/05/2015 00:00,19,0.7971,41,10,3,17,15,1.7
15/05/2015 00:00,23,0.7293,43,8,6,20,16,2.7
16/05/2015 00:00,26,0.6187,40,9,5,20,21,2.3
17/05/2015 00:00,20,0.4769,31,14,3,19,28,2.6
18/05/2015 00:00,30,0.5246,35,14,3,17,50,2.7
19/05/2015 00:00,39,----,45,14,5,18,36,2
20/05/2015 00:00,36,----,45,9,7,15,39,1.4
21/05/2015 00:00,----,----,41,25,5,20,27,1.9
22/05/2015 00:00,----,0.5527,42,11,15,16,39,2.8
23/05/2015 00:00,44,0.6006,31,10,4,14,59,2.5
24/05/2015 00:00,42,0.5967,32,11,5,15,49,1.5
25/05/2015 00:00,21,0.8385,24,9,4,15,41,1.9
26/05/2015 00:00,24,1.0308,29,8,6,18,30,1.5
27/05/2015 00:00,19,0.9771,27,7,7,18,25,1.5
28/05/2015 00:00,28,0.7508,36,10,4,17,20,2.3
29/05/2015 00:00,28,0.7835,32,10,3,17,24,1.5
30/05/2015 00:00,32,0.839,35,10,4,17,21,1.4
31/05/2015 00:00,33,0.6852,38,12,6,17,22,2
01/06/2015 00:00,33,0.5958,30,14,5,16,38,3
02/06/2015 00:00,23,0.4106,13,14,3,14,56,5.4
03/06/2015 00:00,26,0.5345,14,10,2,12,68,4.4
04/06/2015 00:00,12,0.2063,6,11,4,7,62,4
05/06/2015 00:00,17,0.3155,21,6,9,7,46,2.8
06/06/2015 00:00,26,0.4988,34,8,6,8,41,2.7
07/06/2015 00:00,25,0.4447,31,9,5,9,44,2.6
08/06/2015 00:00,16,0.4623,30,9,6,11,35,2
09/06/2015 00:00,33,0.829,47,6,9,13,27,1.8
10/06/2015 00:00,32,0.4893,37,13,8,11,42,3.5
11/06/2015 00:00,30,0.4148,30,12,4,9,61,3.3
12/06/2015 00:00,22,0.478,32,9,6,10,57,1.9
13/06/2015 00:00,38,0.5959,43,9,18,11,45,1.9
14/06/2015 00:00,34,0.5343,39,11,8,11,41,1.5
15/06/2015 00:00,28,0.6302,36,10,7,12,36,1.7
16/06/2015 00:00,27,0.6744,39,11,5,13,29,3
17/06/2015 00:00,14,0.2623,22,11,3,7,45,3.9
18/06/2015 00:00,17,0.7708,38,6,12,8,39,2.2
19/06/2015 00:00,45,0.8356,51,8,11,12,28,1.4
20/06/2015 00:00,53,0.6277,50,10,11,11,46,2.1
21/06/2015 00:00,41,0.5134,41,11,8,11,49,1.7
22/06/2015 00:00,61,1.1677,46,10,9,11,45,1.3
23/06/2015 00:00,41,0.8457,41,10,7,12,37,1.5
24/06/2015 00:00,34,0.8691,37,9,6,12,33,2.2
25/06/2015 00:00,22,0.8357,35,8,5,13,27,2.3
26/06/2015 00:00,42,0.6273,40,11,6,12,43,3.9
27/06/2015 00:00,30,0.3979,24,16,2,9,67,5.8
28/06/2015 00:00,38,0.6189,30,13,3,12,69,2.8
29/06/2015 00:00,26,0.7513,31,9,3,6,81,1.1
30/06/2015 00:00,26,0.6682,43,10,6,----,----,----
01/07/2015 00:00,37,0.8466,36,8,4,13,55,2.1
02/07/2015 00:00,38,1.0944,41,9,6,13,46,1.4
03/07/2015 00:00,41,0.8395,46,12,6,14,43,1.4
04/07/2015 00:00,53,0.7682,49,14,6,13,45,1.4
05/07/2015 00:00,46,0.8615,48,12,5,13,40,1.1
06/07/2015 00:00,45,1.0487,50,8,13,14,32,1.7
07/07/2015 00:00,34,0.4002,38,12,9,11,57,3.5
08/07/2015 00:00,33,0.6879,35,11,4,12,54,2
09/07/2015 00:00,31,0.5974,38,11,4,13,44,1.5
10/07/2015 00:00,42,0.5699,44,12,7,13,49,2.7
11/07/2015 00:00,27,0.3195,26,16,3,12,52,3.4
12/07/2015 00:00,22,0.3373,28,14,6,14,44,3.4
13/07/2015 00:00,----,0.2702,21,15,4,13,37,3.2
14/07/2015 00:00,20,0.3462,20,22,2,15,50,6.4
15/07/2015 00:00,22,0.3186,24,16,2,13,60,5.2
16/07/2015 00:00,21,0.3613,28,15,3,14,45,4.9
17/07/2015 00:00,19,0.3296,23,12,3,6,36,2.8
18/07/2015 00:00,18,0.7002,37,9,5,10,23,1.6
19/07/2015 00:00,29,0.5761,47,11,10,13,15,2.3
20/07/2015 00:00,37,0.7898,45,16,4,15,35,2.8
21/07/2015 00:00,22,0.7501,39,13,3,15,38,2.8
22/07/2015 00:00,19,0.4806,25,15,3,13,45,4.6
23/07/2015 00:00,16,0.5441,27,12,2,11,59,4
24/07/2015 00:00,23,0.6507,29,11,2,12,71,3.7
25/07/2015 00:00,17,0.4077,22,11,2,7,61,2.8
26/07/2015 00:00,13,0.3638,21,10,5,7,57,2.4
27/07/2015 00:00,17,0.7094,36,8,7,10,42,2.3
28/07/2015 00:00,20,0.8266,36,10,7,11,37,2.2
29/07/2015 00:00,19,0.6044,33,13,6,13,36,3.7
30/07/2015 00:00,23,0.6026,31,31,4,12,27,2.1
31/07/2015 00:00,14,0.4132,27,29,2,6,33,3.4
01/08/2015 00:00,19,0.4445,41,31,10,8,21,1.4
02/08/2015 00:00,24,0.5632,51,26,6,11,18,1.8
03/08/2015 00:00,25,0.8348,49,36,7,13,24,2
04/08/2015 00:00,28,0.812,45,60,5,14,24,2.4
05/08/2015 00:00,16,0.3751,34,38,5,13,18,2.3
06/08/2015 00:00,26,0.6007,49,25,11,13,20,2.5
07/08/2015 00:00,27,0.803,44,37,6,14,26,1.9
08/08/2015 00:00,42,1.103,55,29,10,15,17,1.2
09/08/2015 00:00,24,0.5335,45,37,4,15,14,1.9
10/08/2015 00:00,24,0.4789,45,46,4,15,13,2.2
11/08/2015 00:00,27,0.3975,37,33,2,12,55,3.2
12/08/2015 00:00,27,0.4799,38,25,4,13,45,2.8
13/08/2015 00:00,26,0.4714,33,46,3,15,35,4.5
14/08/2015 00:00,24,0.6922,45,49,4,16,14,1.8
15/08/2015 00:00,32,0.5315,37,35,3,17,32,3.8
16/08/2015 00:00,33,0.5532,47,40,5,18,21,2.2
17/08/2015 00:00,37,0.6625,55,42,6,18,25,2.2
18/08/2015 00:00,37,0.7111,53,59,8,18,24,2.2
19/08/2015 00:00,26,0.7201,45,39,5,19,20,2.3
20/08/2015 00:00,31,0.4503,34,37,4,18,34,4.4
21/08/2015 00:00,32,0.6157,41,37,3,18,48,3.5
22/08/2015 00:00,33,0.8068,41,38,4,19,37,1.9
23/08/2015 00:00,29,0.3628,25,37,2,18,48,3.7
24/08/2015 00:00,32,0.5558,43,30,8,18,45,3.2
25/08/2015 00:00,32,0.6788,47,37,4,19,31,2.1
26/08/2015 00:00,37,0.9243,51,57,6,20,25,1.8
27/08/2015 00:00,39,0.6331,49,38,7,19,34,1.9
28/08/2015 00:00,42,0.804,53,30,8,20,31,2.2
29/08/2015 00:00,41,0.6597,44,35,7,22,27,2.2
30/08/2015 00:00,39,0.4239,30,35,5,21,31,3.2
31/08/2015 00:00,29,0.3697,26,30,2,21,30,3.7
01/09/2015 00:00,29,0.5984,24,38,3,18,33,3.4
02/09/2015 00:00,10,0.2161,19,27,7,14,25,2.4
03/09/2015 00:00,35,0.287,24,17,11,12,47,4
04/09/2015 00:00,17,0.3232,23,8,10,8,73,5.3
05/09/2015 00:00,----,0.454,23,12,5,9,75,2.8
06/09/2015 00:00,19,0.6323,22,29,2,10,68,2.1
07/09/2015 00:00,24,0.5882,26,36,4,14,54,2.3
08/09/2015 00:00,22,0.4919,26,38,6,17,43,3.4
09/09/2015 00:00,22,0.5525,28,30,3,19,43,3.3
10/09/2015 00:00,26,0.7617,30,34,3,21,37,3.2
11/09/2015 00:00,17,0.3849,25,27,7,21,23,2.5
12/09/2015 00:00,23,0.5016,23,26,6,16,58,3.2
13/09/2015 00:00,23,0.4049,23,23,9,16,52,2.7
14/09/2015 00:00,18,0.5095,24,23,7,16,49,3
15/09/2015 00:00,19,0.5718,25,34,7,16,42,2.5
16/09/2015 00:00,21,0.7162,32,48,5,20,21,2.3
17/09/2015 00:00,13,0.4699,28,41,3,21,15,3.5
18/09/2015 00:00,21,0.8069,33,34,5,20,20,2.8
19/09/2015 00:00,26,0.4211,18,23,3,17,60,4.6
20/09/2015 00:00,21,0.4338,15,32,2,14,71,4.6
21/09/2015 00:00,23,0.5592,18,32,2,16,65,4.3
22/09/2015 00:00,20,0.6356,28,43,3,18,50,3.2
23/09/2015 00:00,28,0.8088,37,35,4,21,34,3.1
24/09/2015 00:00,25,0.4665,25,39,2,23,35,2.8
25/09/2015 00:00,28,0.7253,37,36,3,22,40,2.7
26/09/2015 00:00,20,0.3695,24,39,4,23,27,2.9
27/09/2015 00:00,16,0.3473,21,35,2,21,30,3.4
28/09/2015 00:00,20,0.5071,28,36,5,22,24,3.4
29/09/2015 00:00,27,0.6124,34,33,4,25,16,3
30/09/2015 00:00,32,0.4727,24,43,2,24,23,4.5
01/10/2015 00:00,22,0.4535,23,45,3,20,21,3.6
02/10/2015 00:00,27,0.775,42,29,7,19,24,2.4
03/10/2015 00:00,22,0.7169,29,30,2,21,37,3.1
04/10/2015 00:00,26,0.7095,27,31,2,24,33,3.3
05/10/2015 00:00,23,0.4259,22,40,2,24,27,3.3
06/10/2015 00:00,20,0.521,31,31,3,25,19,3
07/10/2015 00:00,23,0.5949,23,32,3,25,25,2.7
08/10/2015 00:00,23,0.5413,33,39,2,26,20,2.5
09/10/2015 00:00,32,0.6568,33,39,4,25,21,3
10/10/2015 00:00,44,0.4494,23,48,3,24,29,4.6
11/10/2015 00:00,30,0.4828,32,39,5,25,16,2.8
12/10/2015 00:00,39,0.4125,21,42,2,23,36,5
13/10/2015 00:00,28,0.4868,29,40,3,24,28,4.4
14/10/2015 00:00,39,0.492,27,43,2,21,36,4.3
15/10/2015 00:00,24,0.5142,25,42,1,19,54,3.9
16/10/2015 00:00,27,0.2958,26,29,6,18,44,3.2
17/10/2015 00:00,27,----,18,23,3,17,62,3.6
18/10/2015 00:00,22,----,14,37,2,20,47,3
19/10/2015 00:00,29,----,27,38,8,23,34,2.3
20/10/2015 00:00,23,----,26,34,10,21,39,2.5
21/10/2015 00:00,25,----,32,30,8,20,40,2.4
22/10/2015 00:00,37,----,25,24,10,20,46,3.9
23/10/2015 00:00,20,----,22,29,2,21,45,3.9
24/10/2015 00:00,14,----,13,33,2,21,40,4
25/10/2015 00:00,16,----,20,40,3,22,42,2.4
26/10/2015 00:00,18,----,24,32,5,22,42,3.2
27/10/2015 00:00,28,----,22,21,12,20,50,3.5
28/10/2015 00:00,23,----,24,27,12,20,42,2.6
29/10/2015 00:00,18,0.5667,32,20,20,20,30,2.8
30/10/2015 00:00,20,0.6625,27,27,5,22,34,3.1
31/10/2015 00:00,----,----,----,----,----,----,----,----
01/11/2015 00:00,20,0.4819,35,55,3,27,13,4.5
02/11/2015 00:00,13,0.211,11,30,1,16,25,4.5
03/11/2015 00:00,12,0.2278,20,21,8,14,26,3.4
04/11/2015 00:00,18,0.2675,27,12,17,15,35,3.9
05/11/2015 00:00,18,0.3423,26,24,4,17,26,3
06/11/2015 00:00,11,0.4352,28,26,2,19,20,3
07/11/2015 00:00,15,0.4263,28,40,5,23,15,2.9
08/11/2015 00:00,12,0.5024,26,33,3,25,22,2.6
09/11/2015 00:00,17,0.6079,29,30,3,27,14,3
10/11/2015 00:00,19,0.6339,32,33,4,27,14,2.8
11/11/2015 00:00,24,0.4925,27,44,3,28,17,3.9
12/11/2015 00:00,28,0.47,33,40,3,27,18,2.8
13/11/2015 00:00,28,0.4679,21,39,2,25,27,4.1
14/11/2015 00:00,38,----,20,37,1,23,34,4.1
15/11/2015 00:00,52,----,13,45,1,22,25,4.5
16/11/2015 00:00,27,----,19,19,5,17,61,5.3
17/11/2015 00:00,13,----,15,39,0,17,66,4.6
18/11/2015 00:00,----,----,21,49,0,18,60,2.9
19/11/2015 00:00,----,----,----,----,----,----,----,----
20/11/2015 00:00,----,----,----,----,----,----,----,----
21/11/2015 00:00,----,----,----,----,----,----,----,----
22/11/2015 00:00,----,----,----,----,----,----,----,----
23/11/2015 00:00,----,----,----,----,----,----,----,----
24/11/2015 00:00,----,----,----,----,----,----,----,----
25/11/2015 00:00,----,----,----,----,----,----,----,----
26/11/2015 00:00,----,----,----,----,----,----,----,----
27/11/2015 00:00,----,----,----,----,----,----,----,----
28/11/2015 00:00,----,----,----,----,----,----,----,----
29/11/2015 00:00,----,----,----,----,----,----,----,----
30/11/2015 00:00,----,----,----,----,----,----,----,----
01/12/2015 00:00,22,0.4892,31,51,3,26,33,0.5
02/12/2015 00:00,23,0.327,20,59,3,24,41,0.4
03/12/2015 00:00,30,0.6197,30,30,2,19,64,0.5
04/12/2015 00:00,16,0.7798,26,43,2,21,53,0.4
05/12/2015 00:00,21,0.5954,26,49,3,25,37,0.5
06/12/2015 00:00,21,0.4616,28,52,4,26,29,0.7
07/12/2015 00:00,17,0.4217,26,48,3,26,36,0.8
08/12/2015 00:00,15,0.386,20,46,3,23,46,0.9
09/12/2015 00:00,14,0.6317,29,57,2,24,35,0.4
10/12/2015 00:00,18,0.6641,34,60,4,27,34,0.5
11/12/2015 00:00,22,0.5374,24,52,3,25,47,0.7
12/12/2015 00:00,13,0.5199,27,56,3,22,54,0.6
13/12/2015 00:00,11,0.2924,23,66,2,24,36,0.6
14/12/2015 00:00,14,0.2879,23,42,2,22,47,0.9
15/12/2015 00:00,16,0.3942,23,34,4,20,58,0.8
16/12/2015 00:00,22,0.2699,22,41,3,22,56,0.7
17/12/2015 00:00,17,0.5347,25,40,3,22,52,0.7
18/12/2015 00:00,15,0.4575,24,46,2,24,46,0.7
19/12/2015 00:00,15,0.3549,24,55,2,24,39,0.7
20/12/2015 00:00,19,0.3276,28,49,10,25,37,0.5
21/12/2015 00:00,14,0.4023,26,43,3,22,50,0.8
22/12/2015 00:00,14,0.5605,30,54,2,26,35,0.6
23/12/2015 00:00,16,0.402,20,40,2,25,48,1
24/12/2015 00:00,19,0.4003,22,53,3,27,41,0.7
25/12/2015 00:00,15,0.2926,23,52,3,23,42,0.6
26/12/2015 00:00,12,0.237,16,49,2,22,50,0.8
27/12/2015 00:00,14,0.3691,20,42,2,20,60,0.6
28/12/2015 00:00,13,0.3668,21,48,2,23,48,0.4
29/12/2015 00:00,15,0.1648,21,41,7,24,40,0.6
30/12/2015 00:00,14,0.3158,29,18,21,24,36,0.7
31/12/2015 00:00,18,0.4461,30,40,6,25,31,0.4
01/01/2016 00:00,21,0.3603,17,44,3,25,36,3.4
02/01/2016 00:00,18,0.362,14,43,6,23,55,3.3
03/01/2016 00:00,20,0.4102,13,39,14,24,45,3.1
04/01/2016 00:00,10,0.4884,16,45,3,26,29,2.9
05/01/2016 00:00,13,0.4212,16,46,4,27,25,2.9
06/01/2016 00:00,19,0.4924,18,49,4,29,24,3.1
07/01/2016 00:00,18,0.4426,21,43,4,29,22,3.4
08/01/2016 00:00,17,0.3953,16,31,4,22,55,4.6
09/01/2016 00:00,9,0.4013,13,40,2,19,61,3.6
10/01/2016 00:00,7,0.3125,9,49,2,21,54,3.8
11/01/2016 00:00,11,0.3624,15,36,5,21,55,4.2
12/01/2016 00:00,8,0.4388,18,47,3,19,62,3.6
13/01/2016 00:00,10,0.491,17,63,2,22,48,2.7
14/01/2016 00:00,22,0.481,18,52,3,20,57,3.2
15/01/2016 00:00,26,0.5095,21,28,5,21,60,3.3
16/01/2016 00:00,18,0.3092,11,14,11,19,62,3.8
17/01/2016 00:00,24,0.2934,11,19,11,21,53,2.4
18/01/2016 00:00,31,0.5106,20,27,7,20,57,2.1
19/01/2016 00:00,30,0.3125,12,38,4,21,56,2.5
20/01/2016 00:00,83,0.5706,28,24,2,19,74,2.3
21/01/2016 00:00,49,0.4458,18,33,1,20,68,2.5
22/01/2016 00:00,51,0.3845,13,33,2,20,66,2.8
23/01/2016 00:00,49,0.3938,15,35,2,21,66,2.4
24/01/2016 00:00,35,0.4172,13,48,1,19,73,2.7
25/01/2016 00:00,13,0.5295,20,56,2,21,57,2.1
26/01/2016 00:00,26,0.42,24,28,6,21,56,3.3
27/01/2016 00:00,24,0.4131,15,34,2,21,58,3.2
28/01/2016 00:00,31,0.7831,32,34,5,23,48,2
29/01/2016 00:00,17,0.4594,14,19,8,22,52,3.2
30/01/2016 00:00,----,----,----,----,----,----,----,----
31/01/2016 00:00,----,----,----,----,----,----,----,----
01/02/2016 00:00,19,0.3745,23,35,4,23,39,2.6
02/02/2016 00:00,15,0.4808,22,36,4,24,35,2.9
03/02/2016 00:00,21,0.4887,24,51,3,23,40,2.3
04/02/2016 00:00,17,0.2636,21,44,5,23,43,3.3
05/02/2016 00:00,27,0.4876,25,23,5,20,63,3.1
06/02/2016 00:00,16,0.3231,16,39,2,21,59,3.4
07/02/2016 00:00,----,0.2672,15,47,2,21,59,2.7
08/02/2016 00:00,21,1.1674,32,38,3,22,53,3.5
09/02/2016 00:00,25,0.5065,24,35,4,21,55,2.5
10/02/2016 00:00,17,0.3824,14,54,2,22,52,3.4
11/02/2016 00:00,13,0.5046,19,55,2,24,40,2.8
12/02/2016 00:00,15,0.5975,27,64,3,25,34,2.4
13/02/2016 00:00,20,0.4718,26,41,4,25,35,2.6
14/02/2016 00:00,30,0.3629,16,43,3,24,46,3.5
15/02/2016 00:00,24,0.4657,26,36,5,24,49,2.1
16/02/2016 00:00,21,0.4334,22,35,4,26,36,3.2
17/02/2016 00:00,38,0.352,17,31,3,22,61,3.2
18/02/2016 00:00,43,0.3052,14,32,1,21,67,4.2
19/02/2016 00:00,19,0.4014,20,37,2,23,57,3.8
20/02/2016 00:00,17,0.3027,17,37,2,25,46,3.8
21/02/2016 00:00,13,0.4127,21,32,3,25,39,2.6
22/02/2016 00:00,27,0.4714,19,38,5,24,32,2.8
23/02/2016 00:00,10,0.3738,13,33,2,23,60,3.8
24/02/2016 00:00,23,0.423,24,31,1,19,73,2.6
25/02/2016 00:00,61,0.797,29,28,2,20,68,2.1
26/02/2016 00:00,47,0.7252,26,44,1,21,67,2.7
27/02/2016 00:00,30,0.4665,25,30,8,21,58,2.6
28/02/2016 00:00,16,0.2847,14,28,2,19,64,3.4
29/02/2016 00:00,37,0.5276,24,38,3,20,59,2
01/03/2016 00:00,30,0.6666,21,37,7,22,45,2.3
02/03/2016 00:00,19,0.6609,24,21,7,23,38,2.4
03/03/2016 00:00,18,0.7445,22,26,6,23,36,2.8
04/03/2016 00:00,41,0.8183,24,27,7,23,34,2.7
05/03/2016 00:00,17,0.7161,25,30,3,23,40,2.3
06/03/2016 00:00,21,0.5838,21,38,3,24,35,2.1
07/03/2016 00:00,24,0.8622,26,41,4,24,33,2.6
08/03/2016 00:00,37,0.9172,22,44,2,20,63,1.8
09/03/2016 00:00,36,0.476,23,8,5,17,82,3.4
10/03/2016 00:00,13,0.8475,23,21,2,18,77,2.2
11/03/2016 00:00,66,-2.6751,49,24,5,22,59,3.3
12/03/2016 00:00,22,----,16,22,4,20,67,3.3
13/03/2016 00:00,33,----,19,44,2,21,62,1.9
14/03/2016 00:00,53,----,23,27,3,19,69,2.5
15/03/2016 00:00,33,0.614,22,33,2,20,64,2.3
16/03/2016 00:00,27,0.7327,22,31,2,20,66,2.5
17/03/2016 00:00,22,0.9043,22,29,1,17,82,2
18/03/2016 00:00,27,0.5782,24,24,2,19,66,1.4
19/03/2016 00:00,16,0.7075,27,28,3,21,44,1.5
20/03/2016 00:00,9,0.9233,26,39,2,21,29,2
21/03/2016 00:00,8,0.6058,21,47,3,20,30,2.6
22/03/2016 00:00,22,0.6827,20,25,4,18,55,3.5
23/03/2016 00:00,27,0.7628,14,30,2,18,66,4
24/03/2016 00:00,20,0.9088,22,29,2,20,53,2.7
25/03/2016 00:00,17,0.666,17,32,3,21,44,2.9
26/03/2016 00:00,23,0.7069,15,40,2,18,59,3
27/03/2016 00:00,21,0.6276,14,68,2,19,44,3.1
28/03/2016 00:00,14,0.6835,22,40,2,18,26,1.8
29/03/2016 00:00,14,1.0504,33,30,4,21,20,1.9
30/03/2016 00:00,19,0.8046,36,31,4,22,25,2.3
31/03/2016 00:00,21,0.9014,35,39,4,22,31,2.2
01/04/2016 00:00,32,1.0309,31,45,5,22,36,3.2
02/04/2016 00:00,26,1.0516,26,48,4,22,37,2.5
03/04/2016 00:00,33,0.8247,20,37,3,23,43,3
04/04/2016 00:00,29,0.8507,19,31,2,20,59,3.8
05/04/2016 00:00,36,1.0058,20,39,3,18,62,2.3
06/04/2016 00:00,24,0.7531,19,14,5,15,66,4.8
07/04/2016 00:00,10,0.4847,15,13,7,11,65,4.9
08/04/2016 00:00,23,0.8784,23,23,7,14,57,2.5
09/04/2016 00:00,30,0.8459,21,26,5,16,61,1.7
10/04/2016 00:00,45,0.942,24,36,5,17,55,1.2
11/04/2016 00:00,50,1.4547,34,36,2,18,51,1.2
12/04/2016 00:00,37,0.7408,23,35,2,19,48,1.4
13/04/2016 00:00,41,1.1374,32,40,2,20,45,1.2
14/04/2016 00:00,51,1.5511,36,36,2,20,41,1.3
15/04/2016 00:00,48,1.1819,36,34,2,20,46,2.1
16/04/2016 00:00,18,1.0112,24,33,2,21,42,2.2
17/04/2016 00:00,19,1.077,27,32,2,21,39,1.7
18/04/2016 00:00,19,1.5086,29,40,2,19,47,1.8
19/04/2016 00:00,21,1.2232,22,38,2,19,52,2.2
20/04/2016 00:00,15,1.4502,26,39,2,21,45,2.3
21/04/2016 00:00,14,0.8881,21,44,2,14,70,2.6
22/04/2016 00:00,15,1.3952,23,46,2,18,56,2.5
23/04/2016 00:00,11,0.7071,18,48,2,20,43,3.1
24/04/2016 00:00,20,0.7877,22,32,2,19,46,3.3
25/04/2016 00:00,26,1.2313,22,36,2,19,54,2.3
26/04/2016 00:00,26,0.9093,24,30,9,19,56,2.8
27/04/2016 00:00,18,0.5956,18,27,7,18,52,2.9
28/04/2016 00:00,20,1.3334,27,24,7,18,37,1.7
29/04/2016 00:00,17,1.1202,27,54,6,20,31,2.8
30/04/2016 00:00,11,0.3946,16,50,4,16,44,3.4
01/05/2016 00:00,19,0.615,21,26,7,11,62,3.2
02/05/2016 00:00,23,0.8419,23,46,4,15,53,1.8
03/05/2016 00:00,22,1.033,22,53,4,16,46,2.8
04/05/2016 00:00,31,1.0989,32,18,9,14,39,2.2
05/05/2016 00:00,26,1.054,30,38,5,15,46,2.1
06/05/2016 00:00,31,1.5139,35,40,6,16,40,2.1
07/05/2016 00:00,36,0.9741,33,23,7,16,43,2.5
08/05/2016 00:00,28,0.7213,18,25,4,13,63,4.1
09/05/2016 00:00,15,0.8002,18,25,2,13,62,3.9
10/05/2016 00:00,13,0.7962,18,28,2,13,64,3.6
11/05/2016 00:00,15,0.9449,22,28,4,16,52,3.3
12/05/2016 00:00,15,0.8919,25,25,4,17,44,3.1
13/05/2016 00:00,14,0.8274,24,24,2,16,42,3.2
14/05/2016 00:00,19,0.7605,22,20,2,10,77,2.3
15/05/2016 00:00,12,0.6804,22,22,3,11,69,2.7
16/05/2016 00:00,26,1.2103,30,21,4,13,63,1.4
17/05/2016 00:00,45,1.4087,44,21,9,15,57,1.2
18/05/2016 00:00,35,0.9283,32,27,5,14,62,2
19/05/2016 00:00,34,0.7886,30,32,4,15,60,1.9
20/05/2016 00:00,34,0.6735,28,14,10,14,62,2.4
21/05/2016 00:00,33,0.6359,23,30,6,13,64,1.7
22/05/2016 00:00,55,0.996,31,22,7,13,58,1
23/05/2016 00:00,43,1.124,36,35,7,13,52,1.6
24/05/2016 00:00,33,0.9773,32,37,7,13,49,1.5
25/05/2016 00:00,32,0.7729,31,16,10,13,45,2
26/05/2016 00:00,28,0.5264,28,17,12,12,58,2.9
27/05/2016 00:00,26,0.8249,32,18,11,12,59,1.6
28/05/2016 00:00,27,0.7562,31,23,15,13,45,1.2
29/05/2016 00:00,37,0.8274,35,34,11,13,39,1.1
30/05/2016 00:00,46,1.3052,43,35,12,13,40,0.9
31/05/2016 00:00,42,1.3651,46,32,15,13,38,1.1
01/06/2016 00:00,45,1.2498,42,43,12,13,36,1.2
02/06/2016 00:00,36,0.8803,45,33,9,13,33,1.3
03/06/2016 00:00,55,1.1738,52,39,13,13,37,1.9
04/06/2016 00:00,49,1.031,42,47,6,13,36,1.3
05/06/2016 00:00,57,0.8877,36,43,7,13,48,1.8
06/06/2016 00:00,57,1.0603,43,28,9,13,55,1.5
07/06/2016 00:00,42,1.1557,40,24,10,13,55,1.7
08/06/2016 00:00,38,1.1485,38,28,7,13,44,1.6
09/06/2016 00:00,35,1.1069,35,35,7,14,41,1.6
10/06/2016 00:00,28,1.1673,34,48,5,14,41,1.9
11/06/2016 00:00,18,0.5165,19,53,3,12,42,2.4
12/06/2016 00:00,12,0.416,19,20,12,8,47,5.3
13/06/2016 00:00,13,0.6475,18,22,2,6,78,4.3
14/06/2016 00:00,32,0.8853,21,36,2,8,78,2.8
15/06/2016 00:00,19,1.098,28,35,2,12,66,2.5
16/06/2016 00:00,15,0.6288,18,43,2,13,51,2.4
17/06/2016 00:00,20,0.7644,28,17,7,13,52,2.6
18/06/2016 00:00,25,0.6541,17,30,2,12,64,4
19/06/2016 00:00,20,0.6639,19,34,6,14,52,3.4
20/06/2016 00:00,16,0.7947,24,38,4,16,36,3.4
21/06/2016 00:00,17,0.8813,33,30,7,13,32,1.7
22/06/2016 00:00,24,0.7792,26,24,4,11,59,3.8
23/06/2016 00:00,34,1.1304,31,20,3,11,61,1.9
24/06/2016 00:00,33,0.8852,33,21,9,12,49,1.1
25/06/2016 00:00,26,0.7421,31,29,5,12,38,1.1
26/06/2016 00:00,26,0.7396,32,32,4,12,37,1.2
27/06/2016 00:00,37,0.9084,38,41,5,11,40,1.6
28/06/2016 00:00,33,0.8116,36,23,11,11,37,1.6
29/06/2016 00:00,41,1.1121,43,29,8,12,33,1.9
30/06/2016 00:00,45,1.2296,48,29,7,13,36,2.1
01/07/2016 00:00,43,1.1423,36,47,6,14,38,2.6
02/07/2016 00:00,17,0.5576,25,24,14,9,43,2.6
03/07/2016 00:00,21,0.7447,26,16,9,9,55,3
04/07/2016 00:00,32,1.0397,33,18,4,9,59,2.3
05/07/2016 00:00,30,1.0027,32,25,7,9,52,2.3
06/07/2016 00:00,25,1.0188,30,42,5,11,44,1.6
07/07/2016 00:00,33,0.8767,39,17,8,11,46,2.1
08/07/2016 00:00,27,0.6416,22,33,4,11,54,2.9
09/07/2016 00:00,24,0.5575,31,21,12,12,28,1.9
10/07/2016 00:00,31,0.7184,30,27,8,12,37,2.2
11/07/2016 00:00,33,0.9384,40,20,10,11,48,1.7
12/07/2016 00:00,30,1.0957,39,23,12,12,40,1.5
13/07/2016 00:00,39,0.993,40,15,13,12,33,2.4
14/07/2016 00:00,27,0.8122,35,21,6,11,44,2.1
15/07/2016 00:00,33,1.2434,36,31,6,11,41,1.6
16/07/2016 00:00,30,1.0726,40,23,7,11,35,1.2
17/07/2016 00:00,40,0.8445,33,21,7,11,47,2.5
18/07/2016 00:00,25,0.7294,30,25,5,11,42,2
19/07/2016 00:00,34,1.1898,40,24,9,12,31,1.2
20/07/2016 00:00,24,0.916,37,35,7,14,25,1.6
21/07/2016 00:00,21,1.2926,36,33,4,14,19,1.6
22/07/2016 00:00,24,1.3298,41,41,3,15,17,2.9
23/07/2016 00:00,18,0.767,29,46,4,11,23,2.1
24/07/2016 00:00,23,0.5698,18,28,4,11,49,4.7
25/07/2016 00:00,20,0.5859,14,26,2,10,67,6.6
26/07/2016 00:00,18,0.9342,22,33,2,10,70,3.8
27/07/2016 00:00,23,0.8891,27,47,3,7,35,2.1
28/07/2016 00:00,21,1.1186,29,46,2,8,36,2.6
29/07/2016 00:00,23,1.1775,28,24,4,9,53,1.7
30/07/2016 00:00,15,0.7849,27,20,8,10,44,1.6
31/07/2016 00:00,19,0.6053,23,27,7,13,35,4.8
01/08/2016 00:00,11,0.3306,19,38,4,9,45,3
02/08/2016 00:00,26,0.7008,41,18,15,11,45,1.9
03/08/2016 00:00,19,0.2859,17,32,4,10,38,5.1
04/08/2016 00:00,16,0.4876,25,24,3,7,32,3
05/08/2016 00:00,20,0.6508,32,26,5,10,24,1.5
06/08/2016 00:00,21,0.621,35,27,4,14,16,1.3
07/08/2016 00:00,20,0.5615,34,31,7,16,16,2.6
08/08/2016 00:00,19,0.5638,32,34,5,15,18,2.5
09/08/2016 00:00,26,0.4232,31,23,13,12,32,2.5
10/08/2016 00:00,36,1.2377,53,18,3,15,16,1.3
11/08/2016 00:00,36,0.9719,47,22,1,15,15,1.8
12/08/2016 00:00,26,0.8611,42,26,2,15,15,2
13/08/2016 00:00,23,0.6475,33,23,1,14,17,2.8
14/08/2016 00:00,19,0.4513,26,34,1,16,22,3
15/08/2016 00:00,23,0.7589,32,19,2,17,28,3.5
16/08/2016 00:00,14,0.4884,17,26,1,14,55,5.1
17/08/2016 00:00,----,----,----,----,----,----,----,----
18/08/2016 00:00,15,0.645,27,23,2,16,38,3.6
19/08/2016 00:00,21,0.6789,25,27,3,15,50,3.3
20/08/2016 00:00,20,0.5021,21,36,2,17,38,3.5
21/08/2016 00:00,15,0.4865,20,44,3,16,20,3.4
22/08/2016 00:00,11,0.3431,17,35,2,12,22,3.5
23/08/2016 00:00,21,0.6891,27,18,7,10,20,2
24/08/2016 00:00,24,0.8223,23,24,5,13,35,1.9
25/08/2016 00:00,22,0.8966,42,21,8,17,16,1.7
26/08/2016 00:00,30,0.7957,38,25,4,19,17,2.5
27/08/2016 00:00,26,0.4896,26,29,1,17,28,3.4
28/08/2016 00:00,21,0.461,30,27,1,18,21,2.3
29/08/2016 00:00,24,0.7082,37,30,1,20,17,2.1
30/08/2016 00:00,24,0.8396,36,27,3,21,13,2.3
31/08/2016 00:00,20,0.681,31,25,2,19,23,3.1
01/09/2016 00:00,16,0.7881,34,26,3,17,29,2.7
02/09/2016 00:00,25,0.9694,36,28,11,17,30,1.8
03/09/2016 00:00,25,0.7068,28,37,6,19,28,2.4
04/09/2016 00:00,28,0.6477,27,42,7,19,28,2.8
05/09/2016 00:00,25,0.7716,30,32,6,19,33,3.1
06/09/2016 00:00,26,0.799,32,34,8,20,24,3
07/09/2016 00:00,30,0.7838,31,35,5,21,28,3.7
08/09/2016 00:00,32,0.6731,24,38,5,23,26,4
09/09/2016 00:00,36,0.7505,25,39,4,22,32,4.1
10/09/2016 00:00,42,0.6079,18,38,3,21,36,4.9
11/09/2016 00:00,31,0.4387,11,41,2,17,54,5.4
12/09/2016 00:00,31,0.6731,22,38,2,18,50,3.9
13/09/2016 00:00,39,0.7036,26,38,4,21,40,3.5
14/09/2016 00:00,21,0.4464,14,29,2,15,62,6.3
15/09/2016 00:00,23,0.5635,16,37,2,18,50,5.1
16/09/2016 00:00,33,0.6899,20,46,2,21,32,5.3
17/09/2016 00:00,12,0.4362,14,34,4,15,33,2.8
18/09/2016 00:00,18,0.438,16,12,6,8,75,6.1
19/09/2016 00:00,31,0.8896,32,17,11,13,62,2.7
20/09/2016 00:00,28,0.9939,26,33,2,16,57,2
21/09/2016 00:00,27,0.9936,28,34,4,20,40,2.1
22/09/2016 00:00,20,0.8049,25,34,5,22,25,3.5
23/09/2016 00:00,16,0.7168,28,32,5,21,18,2.8
24/09/2016 00:00,16,0.6636,21,28,3,20,28,2.6
25/09/2016 00:00,18,0.6086,23,22,8,21,28,2.5
26/09/2016 00:00,24,0.6568,14,31,1,19,55,5.2
27/09/2016 00:00,31,0.8766,18,36,1,19,50,3.6
28/09/2016 00:00,13,0.5054,11,45,1,17,36,3
29/09/2016 00:00,14,0.6482,28,27,14,17,20,2.1
30/09/2016 00:00,21,0.7351,23,32,3,19,36,3.1
01/10/2016 00:00,13,0.3995,24,37,5,20,14,2.6
02/10/2016 00:00,11,0.1993,17,31,5,16,26,2.8
03/10/2016 00:00,14,0.2564,24,21,12,12,39,3.9
04/10/2016 00:00,20,0.4139,27,21,14,12,46,3
05/10/2016 00:00,16,0.4951,23,29,7,16,30,2.5
06/10/2016 00:00,19,0.5909,25,43,2,22,16,3.4
07/10/2016 00:00,19,0.821,32,32,7,23,14,2.8
08/10/2016 00:00,34,0.2945,15,35,2,20,44,4.6
09/10/2016 00:00,12,0.239,10,38,1,17,40,3
10/10/2016 00:00,23,0.6053,26,26,6,18,42,3.3
11/10/2016 00:00,15,0.5171,20,32,2,23,35,3.6
12/10/2016 00:00,10,0.2845,19,42,3,23,16,2.3
13/10/2016 00:00,23,0.3607,18,26,2,20,48,3.4
14/10/2016 00:00,18,0.2852,13,30,1,19,54,4.3
15/10/2016 00:00,16,0.18,8,28,1,18,61,4.9
16/10/2016 00:00,----,----,----,----,----,----,----,----
17/10/2016 00:00,----,0.4339,21,30,6,21,36,3.7
18/10/2016 00:00,20,0.392,16,23,6,16,63,4.3
19/10/2016 00:00,18,0.4248,16,33,0,15,74,4.6
20/10/2016 00:00,21,0.3331,13,44,1,18,62,5.1
21/10/2016 00:00,2,0.5355,18,50,1,16,72,4.1
22/10/2016 00:00,20,0.4429,20,55,1,21,50,3.3
23/10/2016 00:00,9,0.3049,20,50,2,21,49,3.5
24/10/2016 00:00,17,0.3375,21,34,2,21,29,2.2
25/10/2016 00:00,16,0.3539,22,35,5,22,37,3.1
26/10/2016 00:00,21,0.3373,18,40,1,22,55,3.9
27/10/2016 00:00,15,0.5416,25,36,1,24,42,2.2
28/10/2016 00:00,21,0.5658,29,34,2,26,35,2.7
29/10/2016 00:00,19,0.4722,23,39,2,27,29,3.5
30/10/2016 00:00,17,0.5814,25,39,1,27,24,2.8
31/10/2016 00:00,12,0.8567,23,47,1,26,23,2.8
01/11/2016 00:00,21,0.618,29,28,1,23,40,3.3
02/11/2016 00:00,20,0.6785,23,32,1,21,59,4.3
03/11/2016 00:00,14,0.5443,18,44,1,21,57,4.1
04/11/2016 00:00,14,0.6479,25,38,2,24,45,3
05/11/2016 00:00,22,0.4618,17,38,1,20,59,2.3
06/11/2016 00:00,21,0.448,18,34,2,22,52,3.2
07/11/2016 00:00,24,0.4394,15,29,1,21,60,3.7
08/11/2016 00:00,25,0.4269,16,39,1,20,60,3.3
09/11/2016 00:00,24,0.5782,14,35,2,21,56,4.3
10/11/2016 00:00,17,0.5786,19,31,4,20,55,3.9
11/11/2016 00:00,14,0.5472,16,35,2,16,73,5
12/11/2016 00:00,9,0.3799,10,38,2,14,73,4.8
13/11/2016 00:00,----,----,----,----,----,----,----,----
14/11/2016 00:00,11,1.3188,33,21,3,19,55,3.3
15/11/2016 00:00,11,0.8781,13,34,1,18,62,4
16/11/2016 00:00,11,0.7149,11,31,2,18,63,4.1
17/11/2016 00:00,9,0.6075,14,53,2,22,45,3.9
18/11/2016 00:00,18,0.376,15,27,6,21,36,2.4
19/11/2016 00:00,14,0.5048,15,22,2,16,65,3.6
20/11/2016 00:00,9,0.3914,11,34,1,18,60,3.2
21/11/2016 00:00,14,0.601,18,36,1,18,64,3.5
22/11/2016 00:00,25,0.7275,17,38,2,22,54,2.7
23/11/2016 00:00,24,0.5512,15,35,1,20,62,3.6
24/11/2016 00:00,17,0.6809,21,30,1,16,72,2.8
25/11/2016 00:00,12,0.9428,28,30,1,17,62,2.7
26/11/2016 00:00,19,0.6283,22,34,1,19,59,2.4
27/11/2016 00:00,20,0.357,10,33,1,19,63,4.1
28/11/2016 00:00,15,0.5062,17,32,1,23,52,2.4
29/11/2016 00:00,16,0.5763,22,38,1,26,41,2.8
30/11/2016 00:00,19,0.4199,14,45,1,26,42,4.7
01/12/2016 00:00,15,0.5182,18,41,1,25,41,239.1
02/12/2016 00:00,31,0.4135,20,24,6,22,54,108.5
03/12/2016 00:00,13,0.4314,13,28,1,22,54,154.9
04/12/2016 00:00,20,0.3618,11,35,2,24,50,194.4
05/12/2016 00:00,14,0.4779,17,36,1,22,50,145.5
06/12/2016 00:00,17,0.4869,15,30,1,21,60,167.9
07/12/2016 00:00,19,0.5956,20,27,1,22,53,191.6
08/12/2016 00:00,25,0.5253,18,32,4,23,50,199.9
09/12/2016 00:00,21,0.678,23,29,2,23,52,162.1
10/12/2016 00:00,19,0.5499,18,33,1,22,54,212.9
11/12/2016 00:00,12,0.4071,12,37,1,21,60,147.7
12/12/2016 00:00,13,0.4377,12,26,2,17,69,69.1
13/12/2016 00:00,----,----,----,----,----,----,----,----
14/12/2016 00:00,10,----,18,25,1,22,57,127
15/12/2016 00:00,25,----,17,24,1,20,65,159.8
16/12/2016 00:00,20,----,12,33,1,23,56,188.2
17/12/2016 00:00,27,----,17,30,4,23,53,105.2
18/12/2016 00:00,26,----,14,32,1,23,55,100.9
19/12/2016 00:00,14,----,13,30,1,20,60,145.7
20/12/2016 00:00,29,----,23,57,3,28,39,179.5
21/12/2016 00:00,6,----,17,44,1,20,61,192
22/12/2016 00:00,12,----,18,46,1,25,43,207.9
23/12/2016 00:00,17,----,15,49,3,25,45,204.3
24/12/2016 00:00,12,----,19,45,1,21,58,194.5
25/12/2016 00:00,20,----,14,17,4,15,79,63.2
26/12/2016 00:00,12,----,10,27,1,16,77,111.1
27/12/2016 00:00,18,----,13,28,0,20,69,206.7
28/12/2016 00:00,10,----,16,42,2,18,72,211.1
29/12/2016 00:00,37,----,15,31,2,21,66,88.5
30/12/2016 00:00,----,----,----,----,----,----,----,----
31/12/2016 00:00,----,----,----,----,----,----,----,----
01/01/2017 00:00,----,----,----,----,----,----,----,----
02/01/2017 00:00,----,----,----,----,----,----,----,----
03/01/2017 00:00,----,----,----,----,----,----,----,----
04/01/2017 00:00,----,----,----,----,----,----,----,----
05/01/2017 00:00,----,----,----,----,----,----,----,----
06/01/2017 00:00,----,----,----,----,----,----,----,----
07/01/2017 00:00,----,----,----,----,----,----,----,----
08/01/2017 00:00,----,----,----,----,----,----,----,----
09/01/2017 00:00,----,----,----,----,----,----,----,----
10/01/2017 00:00,----,----,----,----,----,----,----,----
11/01/2017 00:00,----,----,----,----,----,----,----,----
12/01/2017 00:00,----,----,----,----,----,----,----,----
13/01/2017 00:00,----,----,----,----,----,----,----,----
14/01/2017 00:00,----,----,----,----,----,----,----,----
15/01/2017 00:00,----,----,----,----,----,----,----,----
16/01/2017 00:00,----,----,----,----,----,----,----,----
17/01/2017 00:00,----,----,----,----,----,----,----,----
18/01/2017 00:00,----,----,----,----,----,----,----,----
19/01/2017 00:00,----,----,----,----,----,----,----,----
20/01/2017 00:00,18,0.6236,17,35,6,22,39,1.7
21/01/2017 00:00,22,0.8382,25,29,3,22,47,2
22/01/2017 00:00,36,0.2306,15,33,3,21,60,3.5
23/01/2017 00:00,23,0.1771,12,27,3,22,58,2.7
24/01/2017 00:00,13,0.3299,12,28,1,22,60,3.1
25/01/2017 00:00,20,0.3294,11,33,1,22,61,3
26/01/2017 00:00,21,0.6882,13,40,1,21,67,2.7
27/01/2017 00:00,35,0.8056,16,20,1,19,75,2.9
28/01/2017 00:00,31,0.7944,13,32,1,18,78,2.9
29/01/2017 00:00,16,0.7868,14,39,1,20,68,2.3
30/01/2017 00:00,31,0.5167,14,44,2,22,48,1.4
31/01/2017 00:00,54,0.9056,19,23,3,18,80,2.5
01/02/2017 00:00,31,0.8528,28,15,10,20,57,2.6
02/02/2017 00:00,28,0.8359,18,33,4,22,54,1.7
03/02/2017 00:00,58,0.5201,19,44,2,21,60,1.6
04/02/2017 00:00,24,0.5743,16,26,3,21,59,3.3
05/02/2017 00:00,19,0.4681,9,31,1,21,63,3.5
06/02/2017 00:00,23,0.2938,8,40,1,20,72,1.9
07/02/2017 00:00,27,0.6993,17,25,2,22,62,2.6
08/02/2017 00:00,35,0.675,14,22,2,20,69,1.9
09/02/2017 00:00,42,0.5382,12,32,2,21,66,1.7
10/02/2017 00:00,45,0.7013,23,28,4,22,60,2.4
11/02/2017 00:00,23,0.7222,17,33,1,21,64,2.7
12/02/2017 00:00,22,0.6813,15,28,1,21,58,2.5
13/02/2017 00:00,37,0.818,16,33,1,21,63,1.5
14/02/2017 00:00,26,0.7236,14,37,1,22,59,2.3
15/02/2017 00:00,41,0.8229,19,33,2,22,61,2.3
16/02/2017 00:00,52,0.9521,19,28,3,22,63,2.4
17/02/2017 00:00,36,0.234,12,17,8,21,62,3.9
18/02/2017 00:00,19,0.6169,11,16,3,20,67,4.5
19/02/2017 00:00,9,0.6972,8,18,1,20,63,4
20/02/2017 00:00,----,0.5931,7,24,2,22,60,3.2
21/02/2017 00:00,----,0.6867,18,15,5,18,77,3.1
22/02/2017 00:00,10,0.5417,16,19,2,15,83,4.2
23/02/2017 00:00,15,0.1513,14,19,6,16,76,4.1
24/02/2017 00:00,15,0.4726,9,15,11,15,79,3.9
25/02/2017 00:00,----,----,----,----,----,----,----,----
26/02/2017 00:00,51,1.0944,24,28,1,18,79,1.4
27/02/2017 00:00,51,0.6431,21,28,4,20,65,1.7
28/02/2017 00:00,38,0.6453,18,25,1,19,70,2.7
01/03/2017 00:00,35,0.6618,22,29,2,19,65,2.4
02/03/2017 00:00,53,0.3271,22,32,2,21,59,1.5
03/03/2017 00:00,54,0.527,30,26,4,19,68,2.7
04/03/2017 00:00,62,0.6417,30,27,2,17,76,2.2
05/03/2017 00:00,42,0.2861,29,29,6,20,64,2
06/03/2017 00:00,23,0.0728,16,28,3,22,57,1.8
07/03/2017 00:00,32,0.0784,26,20,7,22,59,2.9
08/03/2017 00:00,27,0.2965,26,19,10,22,55,2.7
09/03/2017 00:00,21,0.3431,22,23,7,22,52,2.3
10/03/2017 00:00,17,0.1958,18,25,6,19,54,3.5
11/03/2017 00:00,13,0.0021,15,19,10,16,59,4.6
12/03/2017 00:00,21,0.1951,21,30,9,16,52,2.4
13/03/2017 00:00,22,0.4333,27,31,4,20,49,1.6
14/03/2017 00:00,27,0.4257,28,34,3,21,50,2.3
15/03/2017 00:00,40,0.559,29,42,7,22,48,1.7
16/03/2017 00:00,26,0.409,21,56,2,21,48,2.6
17/03/2017 00:00,18,0.3315,25,29,5,21,48,1.8
18/03/2017 00:00,39,0.6354,25,32,2,20,60,2.4
19/03/2017 00:00,39,0.4243,22,28,5,22,48,2.4
20/03/2017 00:00,19,0.0021,14,23,9,19,58,4.3
21/03/2017 00:00,22,0.2139,23,19,11,18,54,3
22/03/2017 00:00,----,----,----,----,----,----,----,----
23/03/2017 00:00,----,----,----,----,----,----,----,----
24/03/2017 00:00,39,0.6859,34,21,4,19,56,2.4
25/03/2017 00:00,35,0.6757,28,43,2,19,53,2.6
26/03/2017 00:00,46,0.0819,24,26,7,19,60,2.8
27/03/2017 00:00,24,0.0431,16,22,6,17,65,3.4
28/03/2017 00:00,24,0.3736,18,33,3,18,61,3.2
29/03/2017 00:00,24,0.5507,29,34,2,21,41,2.1
30/03/2017 00:00,24,0.7146,45,31,4,22,32,1.8
31/03/2017 00:00,46,0.3958,19,32,1,21,55,2.5
01/04/2017 00:00,30,0.466,28,26,6,22,44,1.3
02/04/2017 00:00,21,0.5674,32,27,5,23,36,1.4
03/04/2017 00:00,31,0.5097,19,32,2,22,49,2.7
04/04/2017 00:00,44,1.0321,47,27,2,23,46,1
05/04/2017 00:00,46,0.8097,44,31,3,22,48,1.7
06/04/2017 00:00,33,0.6592,41,33,3,23,46,1.9
07/04/2017 00:00,66,0.6771,43,29,3,20,58,2.5
08/04/2017 00:00,23,0.8306,35,20,1,16,72,2.4
09/04/2017 00:00,25,0.7875,29,22,1,18,68,2.6
10/04/2017 00:00,25,0.7306,29,30,1,19,64,1.9
11/04/2017 00:00,42,0.9389,36,25,1,18,67,1.6
12/04/2017 00:00,59,1.0306,39,26,2,16,75,1.7
13/04/2017 00:00,----,0.8501,36,18,2,16,72,2.5
14/04/2017 00:00,18,0.5951,27,30,1,15,75,3.4
15/04/2017 00:00,18,0.6361,32,25,1,16,72,2.1
16/04/2017 00:00,13,0.3938,28,32,3,16,55,1.6
17/04/2017 00:00,54,0.3201,29,29,3,15,56,2.2
18/04/2017 00:00,25,0.3778,29,41,4,15,44,2.2
19/04/2017 00:00,13,0.5179,36,28,4,16,44,2
20/04/2017 00:00,17,0.8708,37,27,3,16,38,1.3
21/04/2017 00:00,21,1.05,41,22,5,16,32,1.5
22/04/2017 00:00,24,1.3319,57,21,5,16,33,1.6
23/04/2017 00:00,37,1.0708,50,31,3,16,48,1.7
24/04/2017 00:00,37,0.7618,28,33,3,15,57,1.7
25/04/2017 00:00,31,0.8653,34,29,3,15,61,1.9
26/04/2017 00:00,34,1.0507,30,28,3,15,63,2.4
27/04/2017 00:00,35,1.1433,39,25,2,14,63,1.8
28/04/2017 00:00,36,1.1438,34,19,3,14,59,1.3
29/04/2017 00:00,43,1.0042,42,23,8,16,49,1.7
30/04/2017 00:00,31,0.8486,32,13,10,16,55,2.8
01/05/2017 00:00,14,0.5556,23,13,9,16,57,2.9
02/05/2017 00:00,18,0.625,38,13,13,16,56,2.1
03/05/2017 00:00,27,1.0917,44,20,5,15,60,2.1
04/05/2017 00:00,37,1.4993,64,24,12,16,54,1.2
05/05/2017 00:00,17,1.3244,40,20,3,16,51,1.5
06/05/2017 00:00,19,1.2576,32,21,3,16,49,1.4
07/05/2017 00:00,24,0.8729,32,27,5,17,46,1.5
08/05/2017 00:00,25,0.8611,35,24,4,17,40,1.2
09/05/2017 00:00,25,0.9764,34,21,5,16,51,2.5
10/05/2017 00:00,22,0.8938,30,22,4,16,54,2
11/05/2017 00:00,28,1.3199,40,16,11,16,53,1.6
12/05/2017 00:00,27,0.8771,31,31,7,16,48,2.1
13/05/2017 00:00,13,0.3778,23,23,4,12,63,2.6
14/05/2017 00:00,12,0.1785,23,11,7,7,80,4.1
15/05/2017 00:00,6,0.3347,17,17,3,7,78,2.1
16/05/2017 00:00,6,0.4159,19,23,3,11,69,2.6
17/05/2017 00:00,9,0.4993,25,23,4,13,53,1.5
18/05/2017 00:00,10,0.4777,27,21,3,12,39,1.9
19/05/2017 00:00,15,1.0875,32,17,17,14,37,1.1
20/05/2017 00:00,14,0.8618,26,16,12,15,37,1.2
21/05/2017 00:00,20,1.1382,36,22,8,16,38,1.2
22/05/2017 00:00,20,0.6292,28,26,11,16,34,1.3
23/05/2017 00:00,----,1.6531,38,22,15,14,36,1.2
24/05/2017 00:00,----,0.8361,33,32,6,16,31,1.6
25/05/2017 00:00,----,1.2556,31,32,6,14,37,2
26/05/2017 00:00,----,1.3708,25,22,4,14,35,1.4
27/05/2017 00:00,----,1.5236,24,25,3,15,36,2.1
28/05/2017 00:00,----,0.9868,23,27,2,15,36,3.1
29/05/2017 00:00,----,0.4944,19,19,8,11,51,3.1
30/05/2017 00:00,----,0.8531,29,11,15,11,50,3.1
31/05/2017 00:00,----,0.666,24,24,3,11,57,2.1
01/06/2017 00:00,----,0.7174,25,26,3,11,54,1.9
02/06/2017 00:00,21,0.7701,32,31,5,13,44,1.5
03/06/2017 00:00,27,1.4958,41,35,11,14,37,1.1
04/06/2017 00:00,24,1.1139,44,33,9,14,39,1.9
05/06/2017 00:00,22,0.7042,33,33,5,13,39,1.6
06/06/2017 00:00,25,0.9896,46,23,16,14,40,1.6
07/06/2017 00:00,21,0.8063,30,34,5,13,54,2.7
08/06/2017 00:00,20,0.6493,24,35,6,14,55,3.6
09/06/2017 00:00,9,0.3403,18,34,2,9,47,2.7
10/06/2017 00:00,16,0.9806,38,28,18,10,37,2.3
11/06/2017 00:00,14,0.7556,23,32,3,10,59,3.2
12/06/2017 00:00,13,0.6618,20,38,5,13,53,3
13/06/2017 00:00,17,1.2757,27,39,3,12,43,1.6
14/06/2017 00:00,14,0.9451,36,32,6,15,24,1.4
15/06/2017 00:00,16,1.3056,34,32,4,16,28,2
16/06/2017 00:00,11,0.7007,25,31,4,16,33,2.9
17/06/2017 00:00,19,0.6319,28,28,7,13,46,2.9
18/06/2017 00:00,14,0.4424,20,33,4,13,53,2.8
19/06/2017 00:00,14,0.3465,26,27,9,13,45,2.9
20/06/2017 00:00,12,0.4774,19,31,2,12,62,3.3
21/06/2017 00:00,16,0.8708,27,31,4,14,51,1.6
22/06/2017 00:00,19,0.891,30,30,6,14,49,2.2
23/06/2017 00:00,15,0.6694,26,46,3,14,37,3.2
24/06/2017 00:00,14,0.4667,33,32,11,12,28,1.7
25/06/2017 00:00,16,0.5417,25,29,4,11,63,3.5
26/06/2017 00:00,17,0.8535,28,31,5,12,49,1.4
27/06/2017 00:00,23,1.1853,35,26,7,12,50,2.1
28/06/2017 00:00,12,0.4417,20,29,3,12,60,4
29/06/2017 00:00,16,0.4903,22,34,5,13,53,3.9
30/06/2017 00:00,15,0.8729,38,24,7,12,43,2
01/07/2017 00:00,16,0.8083,30,29,3,12,59,3.2
02/07/2017 00:00,15,0.816,29,18,6,13,54,2
03/07/2017 00:00,18,0.7014,28,28,7,14,50,2.8
04/07/2017 00:00,21,0.8575,33,24,6,15,50,2.2
05/07/2017 00:00,19,0.6681,31,19,5,13,61,2.6
06/07/2017 00:00,20,0.8833,31,22,10,13,49,1.5
07/07/2017 00:00,16,0.5576,36,19,8,14,38,1.5
08/07/2017 00:00,16,0.6646,27,15,3,12,58,2.9
09/07/2017 00:00,14,0.709,24,14,2,10,72,2.7
10/07/2017 00:00,9,0.5549,23,27,2,13,57,2.6
11/07/2017 00:00,13,1.0786,33,25,3,15,44,2.1
12/07/2017 00:00,13,0.9535,39,29,4,16,39,2.7
13/07/2017 00:00,15,1.1979,40,30,6,16,40,2.4
14/07/2017 00:00,15,0.6854,31,39,5,17,35,3.8
15/07/2017 00:00,14,0.6958,33,32,7,16,34,3.7
16/07/2017 00:00,11,0.6694,24,30,7,15,43,4.7
17/07/2017 00:00,8,0.3896,21,36,2,12,30,3.5
18/07/2017 00:00,----,1.0069,37,12,13,8,43,1.9
19/07/2017 00:00,14,0.6931,29,21,5,11,54,2.4
20/07/2017 00:00,19,0.9944,42,19,15,12,38,1.5
21/07/2017 00:00,18,1.3361,39,20,5,12,29,1.7
22/07/2017 00:00,14,1.3181,51,19,8,13,19,1.7
23/07/2017 00:00,21,1.2111,48,27,6,14,26,2.3
24/07/2017 00:00,----,----,----,----,----,----,----,----
25/07/2017 00:00,----,----,----,----,----,----,----,----
26/07/2017 00:00,19,1.4,36,26,5,14,40,2.2
27/07/2017 00:00,18,1.2271,40,23,8,14,35,1.6
28/07/2017 00:00,19,1.1403,39,19,7,12,52,2.2
29/07/2017 00:00,24,1.5438,52,12,17,14,39,2.1
30/07/2017 00:00,20,1.3313,----,21,6,13,44,2.2
31/07/2017 00:00,25,1.1556,----,20,19,14,35,1.6
01/08/2017 00:00,----,----,----,----,----,----,----,----
02/08/2017 00:00,10,0.9072,16,13,12,12,54,2.9
03/08/2017 00:00,10,0.9707,23,12,14,15,34,1.9
04/08/2017 00:00,16,1.0503,----,12,9,16,30,2.3
05/08/2017 00:00,13,0.7962,----,22,9,15,32,2.4
06/08/2017 00:00,18,1.1482,----,18,6,14,33,2.3
07/08/2017 00:00,13,0.8729,----,21,5,14,24,2.1
08/08/2017 00:00,16,1.1725,----,22,7,14,20,2.7
09/08/2017 00:00,18,0.8429,34,16,4,14,41,2.8
10/08/2017 00:00,15,0.5526,26,18,3,15,42,3.2
11/08/2017 00:00,16,0.6872,28,19,5,15,39,2.5
12/08/2017 00:00,18,1.0931,38,19,4,16,27,1.7
13/08/2017 00:00,20,0.8813,44,22,4,17,25,1.5
14/08/2017 00:00,21,0.7385,39,25,5,17,24,2.1
15/08/2017 00:00,17,0.8567,37,21,4,16,21,1.9
16/08/2017 00:00,14,0.8618,30,25,4,17,25,3
17/08/2017 00:00,19,0.5316,20,30,4,16,21,5.3
18/08/2017 00:00,----,0.3152,12,19,1,6,45,3.2
19/08/2017 00:00,----,0.3911,18,13,4,8,49,3.7
20/08/2017 00:00,----,----,----,----,----,----,----,----
21/08/2017 00:00,----,----,----,----,----,----,----,----
22/08/2017 00:00,----,----,----,----,----,----,----,----
23/08/2017 00:00,23,----,----,----,----,15,28,5.1
24/08/2017 00:00,12,0.3818,16,22,3,10,22,2.9
25/08/2017 00:00,10,0.5595,21,18,2,12,15,2.2
26/08/2017 00:00,12,0.8772,22,16,5,14,10,2.4
27/08/2017 00:00,13,0.4462,17,17,3,12,59,4.5
28/08/2017 00:00,13,0.5105,18,18,3,14,54,2.8
29/08/2017 00:00,14,0.5565,20,17,3,15,53,3.7
30/08/2017 00:00,13,0.4448,18,20,2,15,54,4.3
31/08/2017 00:00,10,0.5179,21,22,3,18,25,2.3
01/09/2017 00:00,16,0.4488,22,23,4,18,32,4
02/09/2017 00:00,20,0.3044,17,21,4,16,25,2.6
03/09/2017 00:00,17,0.2177,21,17,6,13,38,3.3
04/09/2017 00:00,20,0.442,26,17,2,16,19,2.2
05/09/2017 00:00,----,----,----,----,----,----,----,----
06/09/2017 00:00,----,----,----,----,----,----,----,----
07/09/2017 00:00,----,----,----,----,----,----,----,----
08/09/2017 00:00,19,0.8704,28,24,----,21,20,2.3
09/09/2017 00:00,20,0.9778,36,25,----,23,18,1.7
10/09/2017 00:00,20,0.7947,37,29,----,23,18,2.2
11/09/2017 00:00,17,0.5145,24,32,----,22,25,2.8
12/09/2017 00:00,21,0.6841,27,34,----,24,15,1.8
13/09/2017 00:00,23,0.4503,22,38,----,23,10,3.4
14/09/2017 00:00,21,0.5458,26,34,----,22,12,2.6
15/09/2017 00:00,----,0.7061,31,32,----,24,9,2.2
16/09/2017 00:00,----,0.6422,25,24,----,21,30,3.7
17/09/2017 00:00,----,0.7172,24,25,----,22,26,3.4
18/09/2017 00:00,----,0.4209,19,18,----,17,50,4
19/09/2017 00:00,----,0.5714,21,15,----,17,53,3.6
20/09/2017 00:00,16,0.7075,23,13,----,18,51,3.3
21/09/2017 00:00,17,0.8096,31,16,----,21,36,2.7
22/09/2017 00:00,----,0.6866,----,17,----,20,47,3.5
23/09/2017 00:00,18,0.9099,35,14,----,22,29,2.9
24/09/2017 00:00,14,0.5304,23,14,----,22,28,3.6
25/09/2017 00:00,9,0.3493,12,14,----,16,55,4.8
26/09/2017 00:00,----,0.3893,16,15,----,19,50,3.4
27/09/2017 00:00,----,0.2887,17,21,----,17,38,2.9
28/09/2017 00:00,17,0.4026,23,23,----,17,34,2.9
29/09/2017 00:00,12,0.315,14,27,----,18,58,4.8
30/09/2017 00:00,15,0.5414,21,25,----,15,64,3.5
01/10/2017 00:00,----,0.5383,34,27,----,19,46,2
02/10/2017 00:00,8,0.1787,15,38,----,17,49,3.2
03/10/2017 00:00,11,0.3116,21,31,----,17,52,2.6
04/10/2017 00:00,10,0.4037,26,27,----,19,52,2.8
05/10/2017 00:00,12,0.3944,26,26,----,21,45,3.4
06/10/2017 00:00,11,0.8415,31,21,----,13,72,2.5
07/10/2017 00:00,14,0.5851,26,24,----,17,65,3
08/10/2017 00:00,8,0.5892,23,39,----,14,69,2.8
09/10/2017 00:00,----,----,----,----,----,----,----,----
10/10/2017 00:00,----,----,----,----,----,----,----,----
11/10/2017 00:00,5,0.4809,14,35,----,11,50,2.9
12/10/2017 00:00,8,0.6944,25,30,6,15,41,2.2
13/10/2017 00:00,5,1.1198,23,27,3,18,26,1.8
14/10/2017 00:00,11,0.4632,23,31,4,18,37,3.5
15/10/2017 00:00,8,0.2907,12,36,2,17,50,4.6
16/10/2017 00:00,12,0.6329,19,44,4,22,31,4.2
17/10/2017 00:00,6,0.4387,13,38,3,20,11,4.1
18/10/2017 00:00,4,0.2637,11,31,3,15,17,3.5
19/10/2017 00:00,7,----,24,26,5,18,23,2.6
20/10/2017 00:00,11,0.7809,23,29,2,21,41,4.1
21/10/2017 00:00,9,0.8644,27,26,3,22,25,2.4
22/10/2017 00:00,15,0.7726,20,39,2,20,53,3.2
23/10/2017 00:00,10,0.7658,20,40,1,17,66,3.8
24/10/2017 00:00,16,0.8222,22,35,2,21,54,3.1
25/10/2017 00:00,12,0.8037,21,35,2,22,45,2.9
26/10/2017 00:00,11,0.7685,22,41,2,24,35,3.5
27/10/2017 00:00,9,0.8339,26,38,2,23,35,3.2
28/10/2017 00:00,12,0.6136,27,24,6,19,49,3.2
29/10/2017 00:00,6,0.4969,21,14,11,12,61,4
30/10/2017 00:00,5,0.4711,13,26,2,14,57,3.2
31/10/2017 00:00,8,0.6022,22,34,3,19,43,2.3
01/11/2017 00:00,13,0.5954,29,34,8,22,29,2.7
02/11/2017 00:00,10,0.5181,24,38,5,22,29,2.8
03/11/2017 00:00,8,0.6141,31,27,4,22,21,2.9
04/11/2017 00:00,12,0.6378,31,30,7,23,27,2.7
05/11/2017 00:00,----,0.4655,18,35,3,23,36,3.2
06/11/2017 00:00,7,0.481,25,30,5,23,31,2.7
07/11/2017 00:00,9,0.5673,21,32,3,24,23,3.3
08/11/2017 00:00,6,0.4439,19,32,3,24,14,3.2
09/11/2017 00:00,13,0.391,20,24,7,21,34,2.9
10/11/2017 00:00,9,0.4662,15,28,3,18,52,5
11/11/2017 00:00,10,0.6463,22,29,2,20,51,4.4
12/11/2017 00:00,10,0.6806,25,29,2,22,42,2.7
13/11/2017 00:00,----,0.4111,13,35,1,20,53,3.6
14/11/2017 00:00,8,0.595,25,34,2,20,48,2.6
15/11/2017 00:00,15,0.5997,26,30,2,21,51,3.1
16/11/2017 00:00,----,0.4777,14,34,1,19,56,4.8
17/11/2017 00:00,----,----,----,----,----,----,----,----
18/11/2017 00:00,5,0.3483,16,29,4,14,39,2
19/11/2017 00:00,8,0.6043,26,27,5,18,20,1.9
20/11/2017 00:00,11,0.5328,24,28,4,21,27,2.5
21/11/2017 00:00,12,0.5935,23,31,3,23,29,4
22/11/2017 00:00,15,0.5095,18,40,3,22,30,3.9
23/11/2017 00:00,----,0.6574,22,32,2,21,46,2.7
24/11/2017 00:00,16,0.5822,22,28,3,21,50,4
25/11/2017 00:00,7,0.4567,13,27,1,18,60,4.3
26/11/2017 00:00,7,0.533,27,14,4,12,71,2.7
27/11/2017 00:00,7,0.5022,21,25,5,17,55,2.5
28/11/2017 00:00,10,0.4468,17,24,2,17,64,3.6
29/11/2017 00:00,8,0.4642,16,25,1,17,64,3.1
30/11/2017 00:00,10,0.3995,16,28,4,18,60,3.2
01/12/2017 00:00,8,0.4976,19,30,2,21,53,3.1
02/12/2017 00:00,14,0.7422,31,20,3,19,57,3.4
03/12/2017 00:00,9,0.3167,13,35,3,18,62,3.3
04/12/2017 00:00,8,0.3023,14,35,2,21,48,4.7
05/12/2017 00:00,6,0.4202,18,33,2,21,48,3.3
06/12/2017 00:00,7,0.3478,26,22,2,13,81,2.6
07/12/2017 00:00,----,0.4148,22,19,3,15,76,2.7
08/12/2017 00:00,----,----,----,----,----,----,----,----
09/12/2017 00:00,----,----,----,----,----,----,----,----
10/12/2017 00:00,9,0.2964,----,23,5,19,53,3.1
11/12/2017 00:00,----,0.4959,----,21,6,20,55,3.5
12/12/2017 00:00,----,----,----,----,----,----,----,----
13/12/2017 00:00,9,0.555,----,10,9,20,56,4.4
14/12/2017 00:00,5,0.3749,----,15,5,21,41,4.2
15/12/2017 00:00,6,0.297,----,7,6,21,23,2.5
16/12/2017 00:00,11,0.3996,17,12,5,19,57,3.7
17/12/2017 00:00,9,0.3977,13,16,3,20,56,3.5
18/12/2017 00:00,13,0.357,15,17,6,24,36,2.3
19/12/2017 00:00,11,0.2976,17,17,5,24,32,3.4
20/12/2017 00:00,12,0.3707,18,18,4,22,44,3.4
21/12/2017 00:00,11,0.3474,14,18,3,22,53,3.7
22/12/2017 00:00,8,0.3037,13,19,3,22,54,3.4
23/12/2017 00:00,----,0.428,16,17,3,20,63,3.1
24/12/2017 00:00,----,0.5432,18,18,3,22,56,1.5
25/12/2017 00:00,10,0.3907,11,27,3,23,59,4.2
26/12/2017 00:00,4,0.222,7,23,4,24,39,3.1
27/12/2017 00:00,----,0.2853,11,21,4,19,60,3.4
28/12/2017 00:00,6,0.3126,10,19,2,18,66,3.5
29/12/2017 00:00,8,0.2683,10,26,4,22,50,3.4
30/12/2017 00:00,7,0.285,12,33,4,21,50,4.7
31/12/2017 00:00,----,0.2668,10,35,3,19,61,4.4
01/01/2018 00:00,9,0.3419,14,26,3,22,42,3.9
02/01/2018 00:00,14,----,12,21,2,23,19,2.5
03/01/2018 00:00,12,----,13,28,8,21,36,3
04/01/2018 00:00,7,0.1323,16,19,12,19,50,2.7
05/01/2018 00:00,----,0.2027,20,17,15,20,42,2.7
06/01/2018 00:00,9,0.2577,19,24,5,23,34,2.6
07/01/2018 00:00,8,0.3577,23,21,5,26,24,2.2
08/01/2018 00:00,9,0.3049,19,23,4,26,21,2.3
09/01/2018 00:00,10,0.219,13,26,2,26,20,3.2
10/01/2018 00:00,14,0.2152,18,26,7,20,50,4
11/01/2018 00:00,----,0.8752,14,13,3,18,62,3.2
12/01/2018 00:00,10,0.3711,15,17,3,20,56,2.8
13/01/2018 00:00,10,0.3509,16,22,2,22,48,2.5
14/01/2018 00:00,12,0.2986,17,30,3,24,38,1.8
15/01/2018 00:00,12,0.1963,12,32,6,24,37,2.7
16/01/2018 00:00,12,0.2229,11,29,3,24,36,3.4
17/01/2018 00:00,10,0.322,18,21,6,22,51,3.7
18/01/2018 00:00,18,0.3762,15,27,7,23,42,2.2
19/01/2018 00:00,10,0.2745,16,22,8,24,35,2.9
20/01/2018 00:00,11,0.3575,20,31,3,23,28,2.7
21/01/2018 00:00,13,0.2613,16,25,4,24,27,2.5
22/01/2018 00:00,12,0.1893,11,24,4,24,37,3.3
23/01/2018 00:00,11,0.268,12,20,3,22,47,3.9
24/01/2018 00:00,10,0.3126,12,21,1,20,57,3.6
25/01/2018 00:00,6,0.33,12,27,2,19,64,3.7
26/01/2018 00:00,9,0.4433,23,25,3,22,50,1.9
27/01/2018 00:00,10,0.4758,19,23,5,21,55,3.2
28/01/2018 00:00,8,0.2465,11,28,2,19,64,3.5
29/01/2018 00:00,9,0.2236,12,29,6,20,53,2.3
30/01/2018 00:00,11,0.516,18,18,3,17,69,3.4
31/01/2018 00:00,13,0.4351,12,25,3,18,67,3.4
01/02/2018 00:00,10,0.4416,17,24,3,20,56,2
02/02/2018 00:00,17,0.5003,17,25,2,20,57,3.1
03/02/2018 00:00,----,0.3919,12,24,2,21,59,3.4
04/02/2018 00:00,14,0.4183,17,23,4,21,52,2.4
05/02/2018 00:00,16,0.4308,13,23,2,21,59,2.2
06/02/2018 00:00,----,0.4356,18,21,2,21,60,2.5
07/02/2018 00:00,19,0.5944,21,23,2,21,57,2.4
08/02/2018 00:00,----,0.2301,16,23,4,20,66,2.8
09/02/2018 00:00,25,0.4658,19,21,2,19,65,2.5
10/02/2018 00:00,----,0.6917,24,17,2,19,65,2
11/02/2018 00:00,----,0.3881,17,24,2,21,59,2.4
12/02/2018 00:00,----,0.1984,12,14,5,21,59,2.9
13/02/2018 00:00,----,----,----,----,----,----,----,----
14/02/2018 00:00,15,0.1688,16,13,11,21,52,3.1
15/02/2018 00:00,14,0.4338,15,20,3,20,55,2.5
16/02/2018 00:00,12,----,----,----,----,17,67,2.1
17/02/2018 00:00,10,0.6748,18,23,3,20,53,1.6
18/02/2018 00:00,16,0.3441,17,21,5,21,50,1.9
19/02/2018 00:00,----,0.3384,14,21,6,21,58,2.4
20/02/2018 00:00,----,0.4725,15,24,3,20,66,2
21/02/2018 00:00,----,0.4266,17,16,5,21,65,2.2
22/02/2018 00:00,14,0.4794,15,8,4,19,69,2.6
23/02/2018 00:00,9,0.3703,15,9,7,18,62,2.9
24/02/2018 00:00,10,0.4341,14,13,4,17,67,2.8
25/02/2018 00:00,17,0.3089,8,23,2,19,65,2.7
26/02/2018 00:00,----,0.1602,7,23,2,20,64,2.7
27/02/2018 00:00,----,0.2027,12,14,12,16,63,3.7
28/02/2018 00:00,14,0.5045,16,18,2,18,66,2.3
01/03/2018 00:00,49,0.5565,24,20,5,20,63,1.7
02/03/2018 00:00,24,0.5472,23,22,9,22,47,----
03/03/2018 00:00,14,0.4367,25,11,18,21,35,----
04/03/2018 00:00,15,0.4118,18,28,4,21,46,----
05/03/2018 00:00,----,0.4288,17,21,3,21,51,----
06/03/2018 00:00,20,0.4512,20,21,5,21,53,----
07/03/2018 00:00,17,0.651,28,20,5,22,48,----
08/03/2018 00:00,26,0.6481,23,18,6,19,58,----
09/03/2018 00:00,----,0.7561,19,18,2,17,74,----
10/03/2018 00:00,----,----,----,----,----,----,----,----
11/03/2018 00:00,11,0.4549,14,23,3,19,59,----
12/03/2018 00:00,10,0.3569,13,20,3,18,62,2.9
13/03/2018 00:00,13,0.6636,22,23,5,21,52,1.8
14/03/2018 00:00,21,0.391,19,24,6,20,60,2.4
15/03/2018 00:00,16,0.5666,19,23,4,21,54,1.7
16/03/2018 00:00,15,0.6252,22,23,4,21,50,2
17/03/2018 00:00,14,0.4626,20,25,5,21,51,3.1
18/03/2018 00:00,8,0.3043,18,13,13,16,69,3.2
19/03/2018 00:00,10,0.375,14,15,5,16,69,2.6
20/03/2018 00:00,10,0.565,17,22,3,19,62,2.6
21/03/2018 00:00,11,0.8315,25,18,3,19,61,1.8
22/03/2018 00:00,12,0.2657,11,30,3,18,68,2.8
23/03/2018 00:00,10,0.3891,20,12,5,14,82,2.5
24/03/2018 00:00,----,0.4213,18,10,3,15,77,2.7
25/03/2018 00:00,8,0.5017,15,21,3,18,62,2.3
26/03/2018 00:00,9,0.2614,13,26,4,19,58,3
27/03/2018 00:00,9,0.5051,23,24,11,19,49,1.2
28/03/2018 00:00,15,0.4756,23,25,3,19,59,2.1
29/03/2018 00:00,20,0.5858,27,34,5,20,51,1.5
30/03/2018 00:00,28,0.6612,26,28,8,19,56,1.9
31/03/2018 00:00,20,0.3745,17,22,5,20,61,2.2
01/04/2018 00:00,16,0.3999,15,18,3,19,69,1.9
02/04/2018 00:00,15,0.4614,14,19,3,18,71,2.3
03/04/2018 00:00,13,0.2794,14,24,2,18,69,2
04/04/2018 00:00,20,0.5622,22,20,3,17,70,1.5
05/04/2018 00:00,18,0.4607,20,18,4,18,64,2.4
06/04/2018 00:00,17,0.5988,22,16,2,15,71,2.1
07/04/2018 00:00,9,0.5257,20,22,1,17,54,1.7
08/04/2018 00:00,10,0.4508,25,19,5,20,42,1.5
09/04/2018 00:00,16,0.3065,25,20,14,20,47,2.1
10/04/2018 00:00,13,0.3613,17,19,5,17,66,2.8
11/04/2018 00:00,13,0.5608,17,21,2,17,71,1.7
12/04/2018 00:00,13,0.2942,18,10,10,16,70,2.6
13/04/2018 00:00,11,0.3609,14,10,3,14,74,2.8
14/04/2018 00:00,21,0.5837,16,18,1,15,70,2.1
15/04/2018 00:00,34,0.762,23,15,----,16,68,1.1
16/04/2018 00:00,35,0.6689,26,12,----,16,67,1.3
17/04/2018 00:00,45,0.6529,21,21,----,16,67,1.7
18/04/2018 00:00,43,0.5124,18,22,----,15,70,2.1
19/04/2018 00:00,26,0.6584,19,21,----,16,68,1.9
20/04/2018 00:00,19,0.7883,20,21,----,17,63,2
21/04/2018 00:00,25,0.5878,21,17,----,17,63,2.5
22/04/2018 00:00,22,0.3697,15,21,2,16,59,2
23/04/2018 00:00,15,0.2907,17,16,4,16,42,1.1
24/04/2018 00:00,13,0.5342,23,16,4,17,37,0.9
25/04/2018 00:00,15,0.836,27,18,2,19,32,0.9
26/04/2018 00:00,25,0.8596,35,21,6,19,35,1.4
27/04/2018 00:00,29,0.5747,27,24,5,18,44,2.3
28/04/2018 00:00,25,0.4455,24,23,3,19,41,1.2
29/04/2018 00:00,31,0.6315,26,25,4,18,43,1.8
30/04/2018 00:00,30,0.6044,26,21,4,17,46,1.6
01/05/2018 00:00,----,----,----,----,----,----,----,----
02/05/2018 00:00,----,----,----,----,----,----,----,----
03/05/2018 00:00,----,----,----,----,----,----,----,----
04/05/2018 00:00,24,0.5405,16,25,1,14,55,1.9
05/05/2018 00:00,20,0.6029,17,19,2,14,43,1.5
06/05/2018 00:00,26,0.6581,22,18,5,14,25,1
07/05/2018 00:00,20,0.3976,24,15,11,15,31,1.1
08/05/2018 00:00,14,0.4122,25,12,12,16,21,2.3
09/05/2018 00:00,29,0.6669,27,18,5,16,33,2
10/05/2018 00:00,27,0.9881,18,21,3,16,33,1.6
11/05/2018 00:00,21,0.7477,23,19,3,18,29,1.5
12/05/2018 00:00,33,0.7871,27,20,6,16,33,2
13/05/2018 00:00,34,0.5216,26,27,6,15,36,2.4
14/05/2018 00:00,23,0.5568,17,21,2,13,41,1.4
15/05/2018 00:00,16,0.4821,19,16,1,9,67,2.4
16/05/2018 00:00,31,0.2564,17,13,5,10,65,2.3
17/05/2018 00:00,----,0.0933,11,15,1,9,69,2.7
18/05/2018 00:00,18,0.5042,17,13,11,11,56,1.3
19/05/2018 00:00,15,0.3152,17,11,6,12,60,2.4
20/05/2018 00:00,11,0.3261,15,12,6,13,65,3
21/05/2018 00:00,10,0.3181,10,17,2,13,65,3.4
22/05/2018 00:00,17,0.5956,15,17,4,15,63,2.5
23/05/2018 00:00,----,0.486,15,23,1,15,57,2.1
24/05/2018 00:00,----,0.9244,25,17,5,16,41,1.4
25/05/2018 00:00,27,0.9351,18,21,2,16,40,1.6
26/05/2018 00:00,----,1.2234,22,12,4,15,35,1.2
27/05/2018 00:00,23,0.8085,26,9,8,16,31,1.5
28/05/2018 00:00,26,0.6351,26,15,4,15,31,1.9
29/05/2018 00:00,27,0.607,27,20,4,15,43,2.3
30/05/2018 00:00,30,0.6583,21,18,5,13,59,2.3
31/05/2018 00:00,28,0.8189,----,14,4,13,60,2.2
01/06/2018 00:00,22,0.4908,----,19,3,11,68,3.3
02/06/2018 00:00,20,0.5969,----,15,6,11,52,2.1
03/06/2018 00:00,20,0.6961,----,8,24,13,24,1.8
04/06/2018 00:00,31,0.6386,----,15,3,13,24,1.4
05/06/2018 00:00,23,0.4673,----,14,5,10,43,2.1
06/06/2018 00:00,30,0.5936,----,12,17,10,55,1.9
07/06/2018 00:00,50,0.8529,30,15,32,11,46,1
08/06/2018 00:00,50,0.8256,29,15,16,11,41,0.9
09/06/2018 00:00,60,0.7839,33,20,11,12,35,1
10/06/2018 00:00,35,0.7267,25,23,4,13,28,1.7
11/06/2018 00:00,----,0.7134,25,16,3,11,32,0.9
12/06/2018 00:00,36,0.7936,32,14,11,12,38,1.8
13/06/2018 00:00,33,0.6807,25,17,4,10,56,2
14/06/2018 00:00,32,0.943,22,16,3,10,54,1.5
15/06/2018 00:00,21,0.6473,16,19,3,11,52,2.7
16/06/2018 00:00,27,0.7818,16,25,3,13,35,3.3
17/06/2018 00:00,28,0.398,15,16,4,9,46,1.4
18/06/2018 00:00,28,0.4568,19,20,8,11,40,2.4
19/06/2018 00:00,31,0.8102,18,18,9,13,46,1.8
20/06/2018 00:00,30,0.8304,19,21,4,14,31,2.3
21/06/2018 00:00,26,0.7963,22,16,4,15,22,1.7
22/06/2018 00:00,37,0.6019,23,20,6,14,44,2.5
23/06/2018 00:00,30,0.8266,25,17,12,14,34,1.1
24/06/2018 00:00,53,0.7694,29,21,12,13,35,2.1
25/06/2018 00:00,----,0.4416,20,20,6,12,31,1.1
26/06/2018 00:00,----,0.8211,29,12,6,13,25,1.2
27/06/2018 00:00,47,0.7795,27,13,6,11,46,2.2
28/06/2018 00:00,37,0.6014,20,18,6,12,44,2.1
29/06/2018 00:00,28,0.8066,21,16,4,13,39,1.7
30/06/2018 00:00,28,0.5512,18,21,5,13,36,3.2
01/07/2018 00:00,28,0.7987,16,20,4,13,34,2.3
02/07/2018 00:00,23,0.6494,21,16,4,14,22,1.9
03/07/2018 00:00,18,0.2521,11,23,5,10,28,3.5
04/07/2018 00:00,23,0.3199,15,17,7,6,33,2.5
05/07/2018 00:00,25,0.4457,17,19,5,9,50,2.3
06/07/2018 00:00,29,0.3794,20,14,12,9,41,2.6
07/07/2018 00:00,20,0.4257,18,11,10,7,53,2.8
08/07/2018 00:00,22,0.3909,18,11,13,9,49,2
09/07/2018 00:00,15,0.4232,18,8,6,9,64,1.5
10/07/2018 00:00,25,0.5738,20,6,5,10,66,1.8
11/07/2018 00:00,22,0.3655,16,11,5,11,65,1.8
12/07/2018 00:00,27,0.652,21,10,10,12,53,1.7
13/07/2018 00:00,25,0.535,18,15,4,12,51,2.4
14/07/2018 00:00,19,0.4804,17,15,4,12,49,2.6
15/07/2018 00:00,26,0.5078,18,11,5,10,60,1.5
16/07/2018 00:00,19,0.293,13,11,11,8,65,2.9
17/07/2018 00:00,17,0.4327,19,10,16,9,46,2.7
18/07/2018 00:00,28,0.6246,21,8,12,8,45,2.1
19/07/2018 00:00,34,0.884,22,10,11,9,46,1.4
20/07/2018 00:00,27,0.7653,21,13,11,----,----,----
21/07/2018 00:00,----,0.9919,23,13,7,10,46,1.5
22/07/2018 00:00,25,0.5506,19,15,8,11,45,1.8
23/07/2018 00:00,20,0.4089,15,18,4,12,46,2
24/07/2018 00:00,20,0.5768,18,13,4,12,49,2
25/07/2018 00:00,37,0.8206,27,13,10,12,42,1.4
26/07/2018 00:00,31,0.7478,23,16,3,13,35,0.9
27/07/2018 00:00,----,----,----,----,----,----,----,----
28/07/2018 00:00,----,----,----,----,----,----,----,----
29/07/2018 00:00,23,0.7183,21,13,2,15,28,1.3
30/07/2018 00:00,32,0.4785,17,18,4,15,27,2.1
31/07/2018 00:00,23,0.7175,19,15,2,14,28,2.1
01/08/2018 00:00,29,0.7097,22,18,4,16,23,2.6
02/08/2018 00:00,28,0.5134,15,22,7,17,28,3.9
03/08/2018 00:00,26,0.9414,24,17,3,17,21,2
04/08/2018 00:00,30,0.535,19,18,3,16,45,4
05/08/2018 00:00,25,0.3697,10,26,4,16,53,5.4
06/08/2018 00:00,28,0.3012,9,29,4,17,36,4.8
07/08/2018 00:00,----,0.4775,18,16,5,15,23,3.1
08/08/2018 00:00,19,0.4224,14,20,4,17,20,3.7
09/08/2018 00:00,26,0.5351,23,12,5,15,24,2.3
10/08/2018 00:00,----,0.2161,6,25,----,13,70,6.8
11/08/2018 00:00,18,0.2253,8,24,----,13,47,5
12/08/2018 00:00,18,0.3369,22,18,----,10,25,2.2
13/08/2018 00:00,27,0.3604,17,27,----,15,35,4.2
14/08/2018 00:00,32,0.5077,24,30,----,19,39,4
15/08/2018 00:00,32,0.7172,34,23,----,19,25,3.2
16/08/2018 00:00,40,0.6383,34,26,----,20,28,3.3
17/08/2018 00:00,35,0.5588,30,29,----,21,28,3.5
18/08/2018 00:00,29,0.4187,22,28,----,19,26,4
19/08/2018 00:00,14,0.1955,20,10,----,10,55,3.6
20/08/2018 00:00,21,0.282,15,23,----,15,54,3.6
21/08/2018 00:00,28,0.5169,26,26,----,19,42,3.6
22/08/2018 00:00,31,0.4115,27,29,----,21,29,3.4
23/08/2018 00:00,----,0.2681,20,33,----,19,30,4.4
24/08/2018 00:00,27,0.7423,29,21,----,17,36,2.2
25/08/2018 00:00,27,----,----,----,----,16,46,3.9
26/08/2018 00:00,24,0.3625,13,30,----,16,59,5.7
27/08/2018 00:00,32,0.2721,11,31,2,18,38,5
28/08/2018 00:00,----,0.1291,13,18,2,10,28,2.6
29/08/2018 00:00,20,0.2936,28,14,13,13,22,1.8
30/08/2018 00:00,29,0.4659,30,20,3,16,35,2.6
31/08/2018 00:00,28,0.554,31,19,4,17,35,2.7
01/09/2018 00:00,25,0.5817,36,19,3,18,25,3
02/09/2018 00:00,26,0.5131,----,20,----,19,20,3.1
03/09/2018 00:00,19,0.2487,17,28,----,20,20,4.4
04/09/2018 00:00,18,0.4612,18,17,----,13,30,2.3
05/09/2018 00:00,----,0.9786,35,18,----,17,18,2.7
06/09/2018 00:00,27,0.7336,32,30,----,22,16,3.8
07/09/2018 00:00,38,0.5676,19,36,----,22,23,4.9
08/09/2018 00:00,35,0.8581,30,18,----,16,51,3
09/09/2018 00:00,----,0.3032,11,20,----,11,34,3.1
10/09/2018 00:00,----,0.2324,8,15,----,8,40,2.4
11/09/2018 00:00,----,0.4885,21,15,----,12,22,1.9
12/09/2018 00:00,20,0.8274,21,20,----,16,16,2.8
13/09/2018 00:00,20,0.6023,20,23,----,20,12,3.6
14/09/2018 00:00,16,0.7712,20,20,----,18,10,2.3
15/09/2018 00:00,15,0.6842,22,17,----,18,8,1.9
16/09/2018 00:00,21,0.5982,24,18,----,21,6,3.1
17/09/2018 00:00,24,0.4594,23,27,----,24,4,3.9
18/09/2018 00:00,34,0.6182,21,30,----,24,14,4.2
19/09/2018 00:00,33,0.9214,26,25,----,24,9,3.1
20/09/2018 00:00,30,0.5447,21,27,----,24,10,3.8
21/09/2018 00:00,41,0.4769,22,21,----,20,30,3.5
22/09/2018 00:00,55,0.5695,21,28,----,18,61,3.6
23/09/2018 00:00,49,0.5296,20,33,----,21,48,3.7
24/09/2018 00:00,29,0.3475,11,31,----,20,49,4.6
25/09/2018 00:00,34,0.4407,21,25,----,22,40,2.8
26/09/2018 00:00,34,0.3572,20,29,----,22,38,4.1
27/09/2018 00:00,45,0.4933,30,29,----,24,21,2.9
28/09/2018 00:00,42,0.4178,25,32,----,24,27,3.9
29/09/2018 00:00,34,0.4193,24,28,----,22,47,3.7
30/09/2018 00:00,29,0.4557,25,22,----,21,46,3.3
01/10/2018 00:00,15,0.2638,16,21,----,18,49,4
02/10/2018 00:00,18,0.5964,21,24,2,20,34,2.4
03/10/2018 00:00,----,0.6489,25,25,5,23,17,2.8
04/10/2018 00:00,20,0.6012,20,19,4,18,34,3.3
05/10/2018 00:00,27,0.3174,20,14,11,13,50,3.5
06/10/2018 00:00,31,0.57,31,15,19,16,40,2.1
07/10/2018 00:00,29,0.4982,29,21,11,20,27,1.7
08/10/2018 00:00,28,0.4771,25,29,5,21,25,2.5
09/10/2018 00:00,21,0.465,23,26,6,22,27,2.6
10/10/2018 00:00,22,0.4606,19,25,5,21,34,3.1
11/10/2018 00:00,25,0.5812,24,25,7,22,30,2.9
12/10/2018 00:00,26,0.6163,28,23,8,24,25,2.4
13/10/2018 00:00,31,0.5816,24,28,5,24,26,3.5
14/10/2018 00:00,20,0.3292,19,14,5,14,75,3.9
15/10/2018 00:00,17,0.3812,19,21,2,13,81,3.1
16/10/2018 00:00,17,0.4255,16,25,2,18,50,2.8
17/10/2018 00:00,17,0.5142,26,24,4,21,27,2.4
18/10/2018 00:00,18,0.4014,20,21,4,21,35,8.5
19/10/2018 00:00,23,0.346,23,16,7,19,47,3.2
20/10/2018 00:00,18,0.4795,21,20,2,22,43,2.2
21/10/2018 00:00,24,0.3612,17,19,6,19,53,3.1
22/10/2018 00:00,14,0.2492,16,12,18,17,41,3.4
23/10/2018 00:00,19,0.4637,19,12,9,16,38,2.8
24/10/2018 00:00,23,0.4955,22,14,12,16,35,2.4
25/10/2018 00:00,23,0.407,19,24,4,19,30,2.2
26/10/2018 00:00,25,0.5148,23,26,7,22,20,2.3
27/10/2018 00:00,21,0.4453,20,27,7,24,21,2.8
28/10/2018 00:00,20,0.4005,25,22,13,24,21,2.9
29/10/2018 00:00,19,0.3798,19,27,5,24,23,2.7
30/10/2018 00:00,21,0.4316,17,27,4,25,28,3
31/10/2018 00:00,23,0.4774,18,26,5,25,25,3.9
01/11/2018 00:00,17,0.4802,17,25,3,23,30,3.1
02/11/2018 00:00,----,0.8617,26,21,2,17,62,3.2
03/11/2018 00:00,26,0.4692,19,16,9,17,56,2.7
04/11/2018 00:00,16,0.3931,12,23,2,17,59,3.7
05/11/2018 00:00,16,0.3488,9,31,2,19,53,4.3
06/11/2018 00:00,17,0.3989,12,35,4,21,52,4.5
07/11/2018 00:00,11,0.3476,9,29,2,19,38,3
08/11/2018 00:00,21,0.2604,12,20,8,14,41,3.1
09/11/2018 00:00,17,0.4929,18,23,8,16,44,3
10/11/2018 00:00,19,0.4943,17,31,5,21,32,2.4
11/11/2018 00:00,25,0.4079,15,36,4,22,35,3
12/11/2018 00:00,22,0.3787,16,34,3,24,25,2.4
13/11/2018 00:00,23,0.4584,14,36,3,24,34,3.3
14/11/2018 00:00,21,0.4509,15,32,3,26,25,2.7
15/11/2018 00:00,25,0.5967,22,38,3,26,31,2.7
16/11/2018 00:00,26,0.4988,17,43,4,25,35,3.1
17/11/2018 00:00,19,0.5645,27,26,2,27,24,2.5
18/11/2018 00:00,20,0.3386,14,27,2,27,25,3.3
19/11/2018 00:00,19,0.3576,14,30,2,25,30,3.5
20/11/2018 00:00,----,0.3969,15,26,2,21,54,4.5
21/11/2018 00:00,----,----,----,----,----,----,----,----
22/11/2018 00:00,----,----,----,----,----,----,----,----
23/11/2018 00:00,----,----,----,----,----,----,----,----
24/11/2018 00:00,18,0.46,13,22,2,21,48,4.1
25/11/2018 00:00,16,0.3712,13,22,2,21,53,3.6
26/11/2018 00:00,16,0.3128,13,26,1,20,51,3.2
27/11/2018 00:00,17,0.6722,24,15,3,19,53,2.1
28/11/2018 00:00,25,0.4731,18,25,4,24,46,3.3
29/11/2018 00:00,18,0.409,12,22,2,23,36,2.4
30/11/2018 00:00,----,0.4384,16,9,5,17,64,5.6
01/12/2018 00:00,15,0.4995,16,20,2,20,48,9.1
02/12/2018 00:00,19,0.2007,14,23,7,23,39,3.8
03/12/2018 00:00,----,0.579,16,19,2,24,40,2.8
04/12/2018 00:00,----,0.4105,19,19,3,23,34,13.4
05/12/2018 00:00,17,0.5107,17,19,2,25,14,4.1
06/12/2018 00:00,----,0.3558,16,19,3,25,21,4.6
07/12/2018 00:00,----,0.3157,16,30,2,25,35,11
08/12/2018 00:00,----,0.4346,15,29,2,23,50,4.2
09/12/2018 00:00,----,0.4752,13,26,2,21,56,13.3
10/12/2018 00:00,----,0.3895,11,25,1,20,59,26.8
11/12/2018 00:00,----,0.2781,15,17,6,17,63,21.8
12/12/2018 00:00,----,0.292,16,17,8,19,49,2.4
13/12/2018 00:00,----,0.4286,18,22,3,23,41,2.6
14/12/2018 00:00,15,0.8176,20,23,2,27,20,2.2
15/12/2018 00:00,----,0.3553,14,31,2,24,48,4.7
16/12/2018 00:00,22,0.7072,17,28,2,23,47,5.3
17/12/2018 00:00,12,0.2118,12,32,3,25,39,2.7
18/12/2018 00:00,18,0.2746,17,26,3,23,41,3
19/12/2018 00:00,----,0.6255,18,30,4,22,48,13.1
20/12/2018 00:00,20,0.7982,19,31,2,26,37,25.3
21/12/2018 00:00,----,----,16,29,3,26,36,19.8
22/12/2018 00:00,20,----,13,23,----,23,53,12.5
23/12/2018 00:00,35,----,11,22,----,23,54,0.4
24/12/2018 00:00,24,----,11,24,----,25,46,-21.3
25/12/2018 00:00,17,----,11,26,----,26,43,-9.4
26/12/2018 00:00,17,----,11,31,----,28,32,-5.5
27/12/2018 00:00,13,----,10,32,----,29,26,-1.5
28/12/2018 00:00,18,----,12,33,----,27,32,0.1
29/12/2018 00:00,----,----,14,24,----,21,58,8
30/12/2018 00:00,----,----,11,15,----,17,75,-15.1
31/12/2018 00:00,33,----,9,14,----,19,70,-24
01/01/2019 00:00,39,----,20,8,----,17,81,-24.7
02/01/2019 00:00,----,----,14,13,----,17,81,----
03/01/2019 00:00,----,----,11,19,----,20,68,----
04/01/2019 00:00,----,----,----,----,----,----,----,----
05/01/2019 00:00,----,----,----,----,----,----,----,----
06/01/2019 00:00,26,0.4739,12,18,2,22,59,----
07/01/2019 00:00,28,0.3333,13,20,2,21,66,----
08/01/2019 00:00,----,0.3642,12,17,1,21,67,----
09/01/2019 00:00,17,0.4144,13,21,2,20,63,----
10/01/2019 00:00,----,0.5225,16,21,2,24,52,----
11/01/2019 00:00,----,0.4968,13,23,2,22,59,----
12/01/2019 00:00,18,0.4955,14,25,2,25,47,----
13/01/2019 00:00,24,0.3477,10,29,2,26,46,----
14/01/2019 00:00,22,0.4566,13,28,2,26,49,----
15/01/2019 00:00,37,----,17,22,2,26,52,----
16/01/2019 00:00,24,0.3465,12,29,3,26,45,----
17/01/2019 00:00,40,0.3296,17,18,7,25,52,----
18/01/2019 00:00,29,0.3636,16,17,11,22,59,----
19/01/2019 00:00,18,0.6547,18,26,3,24,48,----
20/01/2019 00:00,----,----,8,22,3,25,38,----
21/01/2019 00:00,----,----,9,13,7,20,55,----
22/01/2019 00:00,----,----,17,16,10,22,41,----
23/01/2019 00:00,----,----,25,22,8,25,30,----
24/01/2019 00:00,----,----,20,28,4,27,29,----
25/01/2019 00:00,----,0.3849,19,25,5,25,42,----
26/01/2019 00:00,----,0.3954,12,26,2,22,53,----
27/01/2019 00:00,----,0.4323,14,23,1,20,62,----
28/01/2019 00:00,----,0.3991,12,25,2,19,67,----
29/01/2019 00:00,----,0.5139,14,27,1,19,64,----
30/01/2019 00:00,----,0.4295,11,23,1,21,59,----
31/01/2019 00:00,----,0.4259,13,26,2,23,52,----
01/02/2019 00:00,----,----,17,25,3,24,48,----
02/02/2019 00:00,62,0.6213,22,15,4,20,67,----
03/02/2019 00:00,44,0.5694,17,13,3,20,69,----
04/02/2019 00:00,42,0.4835,15,16,2,21,64,----
05/02/2019 00:00,32,0.5392,16,20,2,21,64,----
06/02/2019 00:00,32,0.6242,23,15,4,20,64,----
07/02/2019 00:00,39,0.6178,21,20,2,21,63,----
08/02/2019 00:00,51,0.7627,24,22,2,22,58,----
09/02/2019 00:00,48,0.4628,13,21,2,22,61,----
10/02/2019 00:00,49,0.402,19,22,5,25,51,----
11/02/2019 00:00,----,0.2658,9,22,2,22,58,----
12/02/2019 00:00,----,0.5163,18,20,4,21,63,----
13/02/2019 00:00,----,0.5231,23,17,2,----,----,----
14/02/2019 00:00,----,0.6062,19,10,2,----,----,----
15/02/2019 00:00,----,0.4411,18,7,5,18,81,----
16/02/2019 00:00,27,0.5163,12,9,4,19,74,----
17/02/2019 00:00,----,0.2618,8,15,1,20,71,----
18/02/2019 00:00,----,0.2006,10,17,5,20,54,----
19/02/2019 00:00,18,0.291,13,12,8,20,54,----
20/02/2019 00:00,30,0.5025,18,21,6,21,52,----
21/02/2019 00:00,28,0.5113,14,19,3,22,50,----
22/02/2019 00:00,18,0.4489,16,20,2,25,38,----
23/02/2019 00:00,26,0.4603,12,28,3,23,57,3.8
24/02/2019 00:00,----,----,----,----,----,----,----,----
25/02/2019 00:00,----,----,----,----,----,----,----,----
26/02/2019 00:00,----,----,----,----,----,----,----,----
27/02/2019 00:00,15,0.7194,13,20,3,23,41,3.2
28/02/2019 00:00,16,0.473,15,16,4,25,30,2.9
01/03/2019 00:00,16,0.5673,19,13,3,25,29,2.7
02/03/2019 00:00,17,0.7131,30,14,6,25,25,2
03/03/2019 00:00,30,0.4547,17,19,3,25,55,3.7
04/03/2019 00:00,31,0.4467,16,21,4,26,45,3.1
05/03/2019 00:00,33,0.4895,16,21,2,24,56,3.5
06/03/2019 00:00,37,0.6331,20,22,4,23,58,3.4
07/03/2019 00:00,25,0.5656,18,21,2,23,61,2.6
08/03/2019 00:00,29,0.7092,24,18,3,22,60,2
09/03/2019 00:00,41,0.7741,33,18,3,21,63,1.9
10/03/2019 00:00,31,0.49,16,23,2,21,67,3
11/03/2019 00:00,28,0.3921,18,28,6,22,55,2.7
12/03/2019 00:00,25,0.4105,13,17,3,19,73,3.3
13/03/2019 00:00,21,0.5749,20,12,4,20,67,2.9
14/03/2019 00:00,20,0.4413,18,27,5,22,54,2.2
15/03/2019 00:00,34,0.5512,26,17,16,24,41,2.4
16/03/2019 00:00,24,0.3747,22,8,19,21,46,2.6
17/03/2019 00:00,----,0.6356,29,5,22,21,49,2
18/03/2019 00:00,----,0.5129,21,21,4,22,50,2.5
19/03/2019 00:00,----,0.5229,22,20,3,21,51,1.9
20/03/2019 00:00,----,----,----,----,----,----,----,----
21/03/2019 00:00,----,0.7583,27,20,5,23,41,2.7
22/03/2019 00:00,----,----,----,----,----,----,----,----
23/03/2019 00:00,22,0.4404,20,19,4,21,58,3.8
24/03/2019 00:00,----,0.3859,18,17,5,20,59,3.8
25/03/2019 00:00,----,0.3745,16,19,2,21,54,2.9
26/03/2019 00:00,18,0.5466,21,18,4,23,45,2.5
27/03/2019 00:00,24,0.5581,26,17,9,23,48,2.6
28/03/2019 00:00,23,0.4193,14,17,3,20,66,4.2
29/03/2019 00:00,21,0.5531,17,17,4,23,52,2.8
30/03/2019 00:00,19,0.7444,21,19,4,24,36,1.8
31/03/2019 00:00,30,0.5811,21,18,5,23,51,2.4
01/04/2019 00:00,----,0.6498,25,20,4,23,47,2.1
02/04/2019 00:00,23,0.7476,24,16,4,20,57,2.4
03/04/2019 00:00,20,0.5753,22,19,5,19,64,3.2
04/04/2019 00:00,12,0.4212,16,21,2,19,63,3.3
05/04/2019 00:00,18,0.3911,15,21,3,19,60,2.7
06/04/2019 00:00,22,0.5553,20,14,4,15,73,2.4
07/04/2019 00:00,21,0.4678,19,16,6,17,64,2.9
08/04/2019 00:00,14,0.3336,12,20,2,16,70,3.1
09/04/2019 00:00,14,0.4527,16,22,2,16,68,3.4
10/04/2019 00:00,24,0.9679,21,14,4,17,68,1.6
11/04/2019 00:00,----,0.6739,26,13,4,17,62,2.1
12/04/2019 00:00,----,0.5725,21,19,3,17,66,2.2
13/04/2019 00:00,----,0.9267,25,15,3,15,71,1.5
14/04/2019 00:00,----,0.6465,28,21,5,17,59,1.5
15/04/2019 00:00,----,0.4014,18,26,4,18,60,2.4
16/04/2019 00:00,----,0.6619,18,22,3,17,58,2.7
17/04/2019 00:00,----,0.4109,16,19,2,17,51,2.9
18/04/2019 00:00,----,0.519,24,13,5,17,35,2.6
19/04/2019 00:00,----,0.5373,22,20,3,19,56,3.4
20/04/2019 00:00,----,0.3749,17,22,3,19,56,3.1
21/04/2019 00:00,----,0.4313,19,22,4,19,54,2.2
22/04/2019 00:00,----,0.3136,14,17,6,15,65,2.6
23/04/2019 00:00,----,0.272,15,13,3,12,79,3.2
24/04/2019 00:00,----,0.5198,18,13,2,15,71,3.1
25/04/2019 00:00,----,0.604,17,12,2,15,72,2.8
26/04/2019 00:00,29,0.8579,20,12,3,16,70,1.8
27/04/2019 00:00,13,0.9215,21,13,3,16,51,1.4
28/04/2019 00:00,20,0.605,26,17,7,17,50,1.6
29/04/2019 00:00,----,----,----,----,----,----,----,----
30/04/2019 00:00,31,0.8908,28,20,5,18,55,1.6
01/05/2019 00:00,----,----,----,----,----,----,----,----
02/05/2019 00:00,----,----,----,----,----,----,----,----
03/05/2019 00:00,----,----,----,----,----,----,----,----
04/05/2019 00:00,35,0.9318,33,21,7,19,43,1.3
05/05/2019 00:00,33,0.7766,42,20,6,20,42,1.5
06/05/2019 00:00,18,0.4314,22,24,4,19,43,3.1
07/05/2019 00:00,----,----,----,----,----,----,----,----
08/05/2019 00:00,----,----,----,----,----,----,----,----
09/05/2019 00:00,----,----,----,----,----,----,----,----
10/05/2019 00:00,----,----,----,----,----,----,----,----
11/05/2019 00:00,24,0.7826,29,13,6,15,51,2
12/05/2019 00:00,23,0.5179,23,16,4,16,52,1.1
13/05/2019 00:00,28,0.6967,31,17,6,16,43,0.9
14/05/2019 00:00,22,0.6984,34,11,11,17,35,1
15/05/2019 00:00,26,0.8006,37,8,23,18,30,2
16/05/2019 00:00,29,0.6444,26,19,6,17,38,1.7
17/05/2019 00:00,35,0.8798,33,17,11,16,37,0.9
18/05/2019 00:00,31,0.9335,39,18,9,17,33,1.4
19/05/2019 00:00,29,0.7358,30,19,7,17,33,1
20/05/2019 00:00,36,0.6008,35,20,10,17,35,1.6
21/05/2019 00:00,28,0.589,27,23,9,17,35,2.4
22/05/2019 00:00,30,0.8908,27,22,5,17,37,1.4
23/05/2019 00:00,31,0.6805,30,21,8,17,41,2.3
24/05/2019 00:00,28,0.8396,26,23,8,17,41,1.8
25/05/2019 00:00,45,1.1127,36,13,6,15,53,2
26/05/2019 00:00,28,0.7406,29,12,8,15,45,1.5
27/05/2019 00:00,21,0.5777,22,17,5,15,42,1.7
28/05/2019 00:00,37,1.1312,36,11,13,15,39,1.2
29/05/2019 00:00,33,0.7888,33,15,13,15,36,1.3
30/05/2019 00:00,27,0.779,29,14,7,13,43,1.2
31/05/2019 00:00,22,0.8764,28,13,8,13,34,1.4
01/06/2019 00:00,23,1.2086,31,13,11,13,28,1.7
02/06/2019 00:00,33,0.8605,30,18,6,13,40,1.8
03/06/2019 00:00,37,0.8347,29,15,7,13,29,1.3
04/06/2019 00:00,31,1.0998,37,12,13,14,30,1.4
05/06/2019 00:00,46,1.4044,34,15,8,15,32,1.2
06/06/2019 00:00,34,0.8988,23,24,4,16,32,2.3
07/06/2019 00:00,28,1.0037,25,----,5,14,30,1.8
08/06/2019 00:00,25,0.8345,30,----,4,14,19,2.3
09/06/2019 00:00,23,0.6527,22,----,9,14,21,2
10/06/2019 00:00,23,0.6861,20,----,6,12,43,2.9
11/06/2019 00:00,26,1.0707,23,----,4,13,52,1.7
12/06/2019 00:00,30,1.2717,32,----,7,14,38,1.4
13/06/2019 00:00,37,0.9762,23,----,6,13,32,2.3
14/06/2019 00:00,27,0.6762,24,----,6,11,32,1.2
15/06/2019 00:00,48,1.0365,34,13,2,11,58,1.9
16/06/2019 00:00,41,0.898,33,19,11,12,43,1.1
17/06/2019 00:00,38,0.729,31,21,8,13,27,1.5
18/06/2019 00:00,52,0.8688,28,27,8,13,32,1.7
19/06/2019 00:00,41,0.762,25,21,9,12,32,2.1
20/06/2019 00:00,40,0.729,34,15,10,13,27,2.1
21/06/2019 00:00,58,1.037,42,10,24,13,19,1.8
22/06/2019 00:00,29,0.833,28,14,3,12,48,2.3
23/06/2019 00:00,31,0.8954,23,14,5,12,51,2
24/06/2019 00:00,20,0.5986,19,16,2,10,42,1.8
25/06/2019 00:00,28,0.699,28,17,6,11,29,1.6
26/06/2019 00:00,27,0.8001,30,20,5,12,26,2.3
27/06/2019 00:00,31,0.5385,21,19,3,12,56,3.4
28/06/2019 00:00,25,0.5617,19,18,2,12,61,3.4
29/06/2019 00:00,28,0.871,23,16,4,15,46,2.4
30/06/2019 00:00,26,0.8826,28,18,3,16,34,1.7
01/07/2019 00:00,35,0.8255,33,22,6,16,31,1.8
02/07/2019 00:00,39,0.4271,18,22,5,11,44,4
03/07/2019 00:00,20,0.3409,15,14,3,7,50,1.7
04/07/2019 00:00,26,0.5011,26,12,10,10,39,1.2
05/07/2019 00:00,37,0.9598,33,17,12,12,28,2
06/07/2019 00:00,27,0.7252,25,18,5,12,23,1.5
07/07/2019 00:00,36,0.8421,26,17,8,12,38,2.9
08/07/2019 00:00,21,0.4322,14,19,3,12,25,2
09/07/2019 00:00,18,0.5495,18,13,2,11,46,1.6
10/07/2019 00:00,----,----,----,----,----,----,----,----
11/07/2019 00:00,23,1.1361,26,11,12,15,26,1.2
12/07/2019 00:00,38,1.4137,40,15,9,16,19,1.8
13/07/2019 00:00,34,1.1066,37,18,7,17,19,2.3
14/07/2019 00:00,31,0.7837,31,16,4,16,19,2.3
15/07/2019 00:00,34,0.5988,22,21,5,15,29,2.2
16/07/2019 00:00,32,1.0897,33,17,5,15,25,1.8
17/07/2019 00:00,28,0.9223,30,17,5,14,24,2.3
18/07/2019 00:00,30,0.8235,23,18,6,14,32,2.6
19/07/2019 00:00,30,1.3153,27,16,3,14,29,1.5
20/07/2019 00:00,38,0.9929,22,19,2,14,20,3.1
21/07/2019 00:00,16,0.3768,8,18,2,10,41,3
22/07/2019 00:00,31,0.4785,17,15,9,8,37,2.6
23/07/2019 00:00,----,0.7187,19,18,4,10,46,3
24/07/2019 00:00,19,0.7328,15,23,4,13,38,3.6
25/07/2019 00:00,23,0.4707,14,20,3,12,29,3.1
26/07/2019 00:00,----,1.1443,29,16,6,14,18,2.3
27/07/2019 00:00,26,0.9763,24,15,5,14,15,1.9
28/07/2019 00:00,54,0.9857,33,24,7,14,39,2.9
29/07/2019 00:00,45,0.8923,31,25,17,14,37,1.7
30/07/2019 00:00,37,0.7983,38,22,19,16,23,1.6
31/07/2019 00:00,42,1.1507,30,26,6,16,22,1.9
01/08/2019 00:00,30,1.1483,----,23,4,16,17,1.8
02/08/2019 00:00,38,0.8077,30,26,6,16,22,3.1
03/08/2019 00:00,31,0.7115,22,24,2,14,59,3.8
04/08/2019 00:00,28,0.6548,22,26,4,16,51,3.8
05/08/2019 00:00,29,0.5795,23,32,7,19,34,3.2
06/08/2019 00:00,32,0.7968,28,25,8,19,37,2.9
07/08/2019 00:00,34,1.1212,31,23,4,20,39,2.5
08/08/2019 00:00,33,0.5592,24,35,5,20,33,3.8
09/08/2019 00:00,36,0.7343,29,31,6,19,31,2.9
10/08/2019 00:00,22,0.5902,21,22,3,16,26,2.1
11/08/2019 00:00,19,0.5234,11,29,1,14,66,4.5
12/08/2019 00:00,20,0.5779,14,28,3,16,57,3.8
13/08/2019 00:00,25,0.8023,24,26,3,19,37,3.4
14/08/2019 00:00,34,0.7776,26,24,8,19,26,3.3
15/08/2019 00:00,27,0.7265,20,28,5,19,33,2.2
16/08/2019 00:00,33,0.7158,25,23,6,17,48,3
17/08/2019 00:00,24,0.9151,24,20,4,18,37,2
18/08/2019 00:00,23,0.978,23,22,6,19,20,1.7
19/08/2019 00:00,25,0.6295,13,32,2,16,46,3.7
20/08/2019 00:00,24,0.8425,18,27,5,17,31,2.1
21/08/2019 00:00,28,0.6415,21,20,8,16,26,2.1
22/08/2019 00:00,----,0.8492,25,20,3,14,55,2.3
23/08/2019 00:00,23,0.6816,17,22,4,15,38,2
24/08/2019 00:00,----,----,----,----,----,----,----,----
25/08/2019 00:00,34,0.8437,34,18,13,18,16,2.1
26/08/2019 00:00,24,0.5909,19,28,4,18,23,2.3
27/08/2019 00:00,33,----,----,----,----,19,23,1.6
28/08/2019 00:00,33,1.0456,25,29,4,19,19,2
29/08/2019 00:00,25,0.8941,23,30,5,20,15,2.5
30/08/2019 00:00,----,0.6891,21,32,4,19,25,3.6
31/08/2019 00:00,29,0.6914,18,37,4,19,39,3.7
01/09/2019 00:00,19,0.4147,10,23,2,14,16,2.7
02/09/2019 00:00,24,0.6217,17,19,5,12,19,1.5
03/09/2019 00:00,30,1.0412,21,18,4,16,16,1.4
04/09/2019 00:00,----,0.9676,26,18,7,16,17,1.7
05/09/2019 00:00,32,0.9358,24,23,5,19,21,1.9
06/09/2019 00:00,31,0.8302,21,29,6,19,24,2.7
07/09/2019 00:00,21,0.6785,22,9,11,13,66,4.2
08/09/2019 00:00,28,0.8658,21,11,8,12,60,2.4
09/09/2019 00:00,30,0.7899,17,25,8,14,47,2.3
10/09/2019 00:00,22,0.6358,15,30,3,17,32,2
11/09/2019 00:00,16,0.5846,19,23,3,18,20,1.3
12/09/2019 00:00,20,1.11,21,23,4,20,13,1.8
13/09/2019 00:00,22,0.9421,20,25,3,22,7,2.9
14/09/2019 00:00,22,0.7101,18,27,2,20,14,3.1
15/09/2019 00:00,22,0.8861,21,23,4,20,18,2.7
16/09/2019 00:00,29,0.8773,22,25,4,20,31,2.7
17/09/2019 00:00,27,1.2063,23,25,4,22,21,1.9
18/09/2019 00:00,29,0.8536,26,29,6,24,21,2.3
19/09/2019 00:00,34,0.9759,29,30,7,24,27,2.4
20/09/2019 00:00,26,0.7943,24,33,3,24,19,2.8
21/09/2019 00:00,30,1.0132,31,29,4,23,32,2.5
22/09/2019 00:00,34,0.8431,28,32,6,23,23,2.8
23/09/2019 00:00,23,0.6356,17,41,3,22,23,3.4
24/09/2019 00:00,34,0.731,18,35,4,20,27,3.5
25/09/2019 00:00,43,0.652,14,23,4,16,60,3.7
26/09/2019 00:00,26,0.3401,13,18,7,13,39,4.7
27/09/2019 00:00,35,0.4729,23,14,17,13,31,3.3
28/09/2019 00:00,64,0.8368,27,18,8,16,21,1.8
29/09/2019 00:00,25,0.7237,26,29,4,20,13,1.7
30/09/2019 00:00,27,0.6282,23,34,3,21,10,3.2
01/10/2019 00:00,23,0.4038,12,33,3,19,22,2.8
02/10/2019 00:00,----,0.4502,17,17,10,14,50,3.2
03/10/2019 00:00,----,0.6011,21,20,7,15,51,3.5
04/10/2019 00:00,----,0.6579,18,27,3,17,42,3.2
05/10/2019 00:00,----,0.5633,17,30,6,21,28,3.4
06/10/2019 00:00,21,0.7032,32,31,5,24,9,2.3
07/10/2019 00:00,----,0.6701,20,39,2,24,26,3.1
08/10/2019 00:00,27,0.6798,20,42,5,24,24,3.4
09/10/2019 00:00,16,0.4803,15,32,3,23,12,2.5
10/10/2019 00:00,25,0.6439,21,35,5,23,19,2.6
11/10/2019 00:00,44,0.4686,17,17,7,18,50,3.8
12/10/2019 00:00,21,0.6518,23,14,8,16,56,3
13/10/2019 00:00,24,0.6108,22,30,5,21,41,2.6
14/10/2019 00:00,26,0.5542,17,38,4,26,25,2.8
15/10/2019 00:00,22,0.6018,19,31,5,23,34,3.4
16/10/2019 00:00,23,0.4814,16,34,7,23,34,2.7
17/10/2019 00:00,----,0.739,28,22,7,21,47,2.2
18/10/2019 00:00,23,0.6474,20,39,5,24,33,2.3
19/10/2019 00:00,28,0.765,16,40,4,26,22,3.3
20/10/2019 00:00,31,0.6157,24,36,9,26,21,2.4
21/10/2019 00:00,28,0.6902,24,41,5,27,20,2.6
22/10/2019 00:00,13,0.5414,16,38,4,26,11,3.1
23/10/2019 00:00,37,0.5085,17,29,8,22,35,3.8
24/10/2019 00:00,24,0.6182,14,32,3,21,52,4.4
25/10/2019 00:00,26,0.8473,22,28,3,26,16,3
26/10/2019 00:00,30,0.6049,19,42,2,25,39,4.2
27/10/2019 00:00,26,0.5583,22,42,2,25,44,3.6
28/10/2019 00:00,23,0.4923,13,47,1,25,42,4.2
29/10/2019 00:00,----,0.5652,11,30,2,24,13,3.2
30/10/2019 00:00,----,0.5235,11,26,8,17,17,2.2
31/10/2019 00:00,14,0.7089,14,28,4,19,7,2
01/11/2019 00:00,27,0.7189,16,25,3,20,38,3.7
02/11/2019 00:00,26,0.3961,13,30,1,19,61,3.8
03/11/2019 00:00,----,0.4555,15,38,1,19,58,3.1
04/11/2019 00:00,21,0.4899,20,36,1,24,33,2.1
05/11/2019 00:00,15,0.472,21,34,2,25,27,2.6
06/11/2019 00:00,19,0.3919,----,34,2,23,43,4.2
07/11/2019 00:00,28,0.4348,----,28,3,23,42,3.6
08/11/2019 00:00,17,0.3539,----,29,4,24,32,3.4
09/11/2019 00:00,----,----,----,----,----,25,26,2.6
10/11/2019 00:00,20,0.2666,11,39,3,21,54,4.7
11/11/2019 00:00,30,0.2188,9,32,2,19,62,4.9
12/11/2019 00:00,----,0.3319,14,40,2,22,49,3.6
13/11/2019 00:00,----,0.2763,14,40,2,21,57,3.1
14/11/2019 00:00,----,0.3689,13,38,2,19,63,3.5
15/11/2019 00:00,----,0.3719,11,33,3,20,44,4.5
16/11/2019 00:00,16,0.2635,19,24,17,20,40,2.3
17/11/2019 00:00,15,0.3089,18,25,11,22,42,2.6
18/11/2019 00:00,20,0.2903,13,42,4,24,33,3.5
19/11/2019 00:00,----,0.4512,17,31,3,22,46,3.2
20/11/2019 00:00,----,0.3167,13,35,2,22,58,4
21/11/2019 00:00,----,----,----,----,----,----,----,----
22/11/2019 00:00,----,0.5477,19,29,3,20,70,2.8
23/11/2019 00:00,----,0.582,21,35,2,21,54,2.9
24/11/2019 00:00,----,0.3697,14,44,2,22,49,3.4
25/11/2019 00:00,17,0.3551,15,39,2,23,43,3.3
26/11/2019 00:00,23,0.4014,20,32,3,25,19,2.4
27/11/2019 00:00,26,0.4154,22,34,3,24,36,2
28/11/2019 00:00,----,0.4911,23,30,2,25,47,2.7
29/11/2019 00:00,38,0.3677,21,44,3,25,41,2.7
30/11/2019 00:00,21,0.5159,29,29,5,25,29,2.7
01/12/2019 00:00,26,0.3752,26,32,3,26,20,3.5
02/12/2019 00:00,18,----,19,42,3,27,19,3.6
03/12/2019 00:00,13,0.2762,18,37,3,25,33,3.5
04/12/2019 00:00,----,0.2895,15,28,3,25,43,3.1
05/12/2019 00:00,10,0.2329,18,6,9,14,83,3.7
06/12/2019 00:00,11,0.4204,17,6,5,12,82,2.8
07/12/2019 00:00,----,----,----,----,----,----,----,----
08/12/2019 00:00,39,0.437,32,9,7,16,81,2
09/12/2019 00:00,----,0.3256,14,----,5,17,81,2.4
10/12/2019 00:00,----,0.38,22,----,5,17,78,2.5
11/12/2019 00:00,----,----,----,----,----,----,----,----
12/12/2019 00:00,----,0.295,18,24,4,19,55,2
13/12/2019 00:00,26,0.1659,16,20,10,21,51,2.3
14/12/2019 00:00,27,0.3018,14,19,6,20,63,3.9
15/12/2019 00:00,20,0.2094,11,25,5,21,59,4.2
16/12/2019 00:00,----,0.2497,10,28,5,24,39,3.8
17/12/2019 00:00,----,0.2436,17,30,8,23,30,2.7
18/12/2019 00:00,22,0.2439,13,22,4,20,63,3.2
19/12/2019 00:00,----,0.3091,13,28,5,23,54,3.3
20/12/2019 00:00,31,0.3196,18,25,4,23,54,2.6
21/12/2019 00:00,----,0.4882,23,27,4,27,44,2.3
22/12/2019 00:00,38,0.3211,13,34,2,24,52,3.2
23/12/2019 00:00,36,0.162,15,25,2,20,63,3
24/12/2019 00:00,24,0.3569,18,21,3,19,69,2.4
25/12/2019 00:00,----,0.4969,21,21,2,24,53,2.3
26/12/2019 00:00,----,0.1881,12,31,2,25,52,2.9
27/12/2019 00:00,----,0.1162,13,35,2,25,45,2.4
28/12/2019 00:00,20,0.0932,11,34,2,24,42,2.9
29/12/2019 00:00,34,0.156,11,17,4,20,64,3
30/12/2019 00:00,----,0.2324,11,22,2,18,74,2.2
