Year,Month,Day,PM2.5 (ug/m3),CO_1h (ppm),NO2_1h (ppb),O3_8h (ppb),SO2_1h (ppb),Amb Temp (C),Rel Hum (%),WS (m/s),AOD_500nm
2018,1,1,13.3,0.428083,25.191667,10.765,0.754167,6.296296,50.666667,0.885273,0.044069
2018,1,2,10.4,0.441458,25.978261,6.824,0.904167,4.282407,59.291667,0.820967,0.081388
2018,1,3,13.6,0.664708,29.333333,5.176,1.758333,5.694444,59.416667,0.385833,#N/A
2018,1,4,11.2,0.577125,29.657895,7.824,1.345833,7.569444,66.583333,0.460856,0.037416
2018,1,5,7.3,0.415111,25.334783,11.5,0.944444,8.611111,68.916667,0.497296,#N/A
2018,1,6,6.1,0.195417,15.895833,19.294,0.195833,7.152778,70.25,0.786671,0.025385
2018,1,7,7.7,0.325125,21.858333,10.059,0.466667,3.032407,66.666667,0.600185,0.039652
2018,1,8,12.3,0.55,26.743478,3.529,1.227273,5.347222,79.25,0.308667,#N/A
2018,1,9,7.9,0.324042,19.071429,17,0.783333,6.898148,85.916667,0.555171,#N/A
2018,1,10,1.4,0.086458,9.116667,20.882,0.308333,8.101852,61.875,1.380426,0.028481
2018,1,11,7.7,0.37055,18.943478,39,1.105,6.805556,60.833333,1.341842,0.020527
2018,1,12,6.6,0.309333,21.645833,13.588,0.483333,6.666667,56.791667,0.96244,0.035078
2018,1,13,9.4,0.34525,20.929167,14.588,0.5,5.023148,61.541667,1.129634,0.050792
2018,1,14,10.2,0.373042,22.617391,8.529,0.575,4.930556,64.333333,0.820967,0.049853
2018,1,15,15.7,0.678417,27.379167,3.235,1.541667,5.509259,68.791667,0.400838,#N/A
2018,1,16,10,0.42119,25.875,7.714,0.780952,7.662037,65.666667,0.61519,#N/A
2018,1,17,12.7,0.571833,29.33913,7.529,1.495833,6.967593,69.166667,0.57875,#N/A
2018,1,18,3.5,0.073583,6.691667,35.471,0.208333,11.782407,52.125,2.24212,0.047279
2018,1,19,0.9,0.063125,5.220833,34.176,0.145833,3.680556,54.708333,1.757685,0.027759
2018,1,20,1.3,0.14675,11.878261,23.294,0.1875,-0.347222,61.375,1.144639,0.028774
2018,1,21,6.9,0.282042,19.108333,26.765,0.504167,0.902778,57.291667,0.818824,#N/A
2018,1,22,4.9,0.221545,21.419048,19.176,0.295455,5.069444,57,1.013884,0.043674
2018,1,23,10.3,0.451542,28.656522,8.824,0.991667,3.449074,59.833333,0.580894,0.089394
2018,1,24,5.7,0.177083,14.516667,38.941,0.445833,6.689815,42.291667,1.701953,#N/A
2018,1,25,1.3,0.08,7.4125,32.824,0.108333,1.851852,57.583333,1.678375,0.030773
2018,1,26,5.5,0.290167,20.2,25,0.483333,1.481482,58.541667,0.508014,#N/A
2018,1,27,8,0.331875,24.008333,17.529,0.441667,4.861111,58.541667,0.65163,#N/A
2018,1,28,7.3,0.249708,19.033333,13.824,0.291667,5.393518,65.541667,1.058898,0.04843
2018,1,29,17.7,0.6744,31.342857,1.231,1.472222,5.092593,66.25,0.559458,#N/A
2018,1,30,10,0.5732,24.104167,14.7,0.275,9.259259,48.125,1.061042,#N/A
2018,1,31,7.3,0.3815,28.379167,19.824,0.795833,8.680556,41.666667,0.600185,#N/A
2018,2,1,6.4,0.310542,23.182609,16,0.595833,9.675926,44.708333,0.956009,0.062724
2018,2,2,6.6,0.290875,20.1,16.529,0.570833,8.217593,57.083333,0.951722,0.039697
2018,2,3,6.8,0.26575,17.275,20.176,0.358333,8.171296,56.708333,0.876699,0.046503
2018,2,4,7.2,0.240333,15.495652,19.471,0.3125,8.217593,58.666667,0.906708,0.045238
2018,2,5,5.7,0.334118,22.566667,18.5,0.594118,8.148148,50.875,0.898134,0.045144
2018,2,6,3.6,0.1475,19.355,23.118,0.057895,6.342593,46.333333,1.118917,0.040178
2018,2,7,7.1,0.279444,23.204348,10.7,0.1875,6.435185,44.833333,1.020315,0.036538
2018,2,8,9,0.290667,26.8,15.941,0.366667,7.962963,44.291667,0.996736,0.062072
2018,2,9,7.3,0.4315,23.9,15.588,0.795833,8.981482,45.416667,0.628051,#N/A
2018,2,10,5.2,0.257917,17.156522,28.118,0.154167,4.305556,39.875,1.483315,0.028022
2018,2,11,6.2,0.154417,15.516667,34.118,0.220833,1.481482,45.125,1.487602,0.056377
2018,2,12,2.2,0.086,10.415,26.588,0.181818,0.092593,68.583333,1.451162,#N/A
2018,2,13,4.8,0.216167,17.5,21.118,0.0125,0.023148,59.916667,0.835972,0.045933
2018,2,14,8.1,0.259042,18.654167,39.706,0.3125,1.990741,53.625,1.590491,0.041466
2018,2,15,3.1,0.169417,14.7875,26,-0.136842,1.828704,51.666667,1.161787,0.033736
2018,2,16,8.4,0.268217,22.826087,20.765,0.252632,3.587963,45.166667,0.818824,0.049642
2018,2,17,7,0.175,13.9875,40.706,0.520833,7.268518,48.916667,1.243241,0.032506
2018,2,18,2.6,0.026417,3.3625,47.941,0.658333,4.236111,50.958333,3.391046,0.038514
2018,2,19,1.5,0.067875,7.873913,40.176,0.541667,-4.074074,57.583333,1.680519,0.035146
2018,2,20,2.3,0.13,13.454167,31.059,0.304545,-4.537037,51.708333,1.146782,0.044825
2018,2,21,5.9,0.173875,17.09,36.471,0.2,-1.180556,43,1.056755,0.060164
2018,2,22,2,0.104458,7.178261,36.824,0.245833,-1.481482,62.5,1.860574,#N/A
2018,2,23,4.3,0.1675,12.420833,23.471,0.025,-4.444444,58.583333,1.232523,0.048559
2018,2,24,8.2,0.30325,18.691667,35.706,0.341667,-1.481482,55.958333,1.483315,#N/A
2018,2,25,6.1,0.143542,9.9,44.882,0.070833,2.083333,48.416667,1.039606,0.071175
2018,2,26,3.1,0.073421,5.325,36.091,0.194737,0.532407,62.375,2.432893,#N/A
2018,2,27,2.5,0.183958,17.282353,28.588,0.045833,-2.592593,53.958333,0.964583,0.058548
2018,2,28,5.9,0.192208,16.665,36.941,0.1,0.625,53.291667,1.031032,#N/A
2018,3,1,2.8,0.048208,3.795833,41.882,0.3,4.351852,65.458333,2.139231,0.025777
2018,3,2,1.5,0.090292,7.195833,40.059,0.283333,-1.365741,76.875,1.886296,0.0272
2018,3,3,2.5,0.142542,10.586957,36.529,0.233333,-0.462963,67.458333,0.868125,0.044087
2018,3,4,4.3,0.177708,14.854167,33.235,-0.020833,-0.532407,63.041667,1.037463,0.038021
2018,3,5,6.3,0.173905,15.7125,29.077,-0.1,-0.347222,53.791667,1.234667,0.040649
2018,3,6,6.9,0.178458,19.585,27.118,-0.016667,2.430556,53.416667,1.153213,0.050395
2018,3,7,8.4,0.249708,22.670833,29.118,0.191667,5.532407,51,0.758805,0.048354
2018,3,8,3.4,0.141917,11.558333,28,0.216667,10.254629,43.458333,1.491889,0.046641
2018,3,9,6.6,0.27375,20.982609,29.059,0.5,8.194444,51.75,1.054611,0.045562
2018,3,10,6.2,0.213375,18.575,16.647,0.391667,5.509259,71.416667,0.868125,#N/A
2018,3,11,7,0.241167,16.404167,24.824,0.370833,6.574074,71.458333,0.683783,0.074647
2018,3,12,4.7,0.1242,16.265,30.143,0.46,10.486111,52.125,0.799533,0.051867
2018,3,13,2.4,0.106158,8.841667,37.462,0.652632,10.096618,58.956522,1.621618,#N/A
2018,3,14,1.3,0.077708,6.561905,43,0.6125,4.120371,59.833333,1.744824,0.030499
2018,3,15,2.6,0.125417,8.469565,38.529,0.65,2.546296,64.583333,0.96887,0.034556
2018,3,16,3.7,0.131375,10.320833,36.471,0.783333,0.509259,85.75,0.904565,#N/A
2018,3,17,2.8,0.232792,18.1,28.353,0.720833,-0.995371,81.458333,0.709505,0.047047
2018,3,18,8,0.23225,17.447826,30.471,0.483333,-0.069444,61.541667,0.756662,0.068612
2018,3,19,5.7,0.162333,16.935,36.067,0.32381,4.699074,50.375,1.013884,0.056227
2018,3,20,5.5,0.162958,16.058333,32.353,0.475,6.342593,60.791667,1.028889,#N/A
2018,3,21,4,0.117292,11.104348,40.647,0.641667,9.166667,73.5,1.153213,#N/A
2018,3,22,1,0.096917,8.0375,32.118,0.670833,5.810185,78.25,1.024602,#N/A
2018,3,23,5.2,0.235042,17,48.294,0.370833,5.138889,42.291667,1.389,0.05874
2018,3,24,1.5,0.07975,4.965217,47.412,0.091667,2.939815,51.458333,1.605495,0.037996
2018,3,25,1.1,0.112375,5.583333,35.647,-0.0125,1.782407,46.916667,1.892727,0.043097
2018,3,26,4.2,0.191619,19.65,24.533,-0.06875,2.754629,48.5,1.219662,0.04908
2018,3,27,5.7,0.23725,19.665217,29.294,0.058824,6.805556,46.708333,0.956009,0.077325
2018,3,28,5.4,0.156125,14.125,29.647,-0.045833,10.486111,48.25,1.168217,0.066637
2018,3,29,5.5,0.137875,11.966667,36.882,0,11.296296,41.916667,1.151069,0.067584
2018,3,30,6.2,0.146083,12.604348,43.765,0.108333,13.263889,37.083333,1.245384,0.057564
2018,3,31,5.4,0.138833,10.216667,45.059,0.233333,13.240741,32.291667,1.521898,0.069628
2018,4,1,4.6,0.071458,6.570833,48.471,0.35,13.009259,32.166667,1.725532,0.060715
2018,4,2,3.5,0.106588,6.921739,32.364,0.276471,12.384259,30.75,1.950602,0.064725
2018,4,3,3.6,0.111917,11.728571,44.118,0.045833,9.629629,33.916667,1.389,0.099233
2018,4,4,5.2,0.132792,12.1125,48,0.045833,14.097222,31.166667,1.161787,#N/A
2018,4,5,4,0.105458,9.847826,42,0.058333,12.870371,43.083333,1.654796,#N/A
2018,4,6,4,0.114417,11.616667,19.235,0.004167,11.111111,74.083333,0.992449,#N/A
2018,4,7,3.7,0.076667,4.525,49.824,-0.008333,11.180556,52.791667,3.045939,0.105007
2018,4,8,5.2,0.107917,5.991304,36.765,-0.070833,10.486111,36.833333,1.04175,0.105145
2018,4,9,8.2,0.09105,13.05,32.5,0.11,12.962963,41.75,1.187509,0.116225
2018,4,10,5.4,0.084333,7.614286,46.882,0.175,16.111111,28,1.43187,#N/A
2018,4,11,3.7,0.126,10.652174,51.765,0.225,10.347222,40.916667,2.017051,#N/A
2018,4,12,0.2,0.111417,4.65,42.824,0.091667,3.703704,45.625,1.806986,0.049063
2018,4,13,6,0.193833,12.583333,36.235,0.108333,7.314815,41.083333,0.960296,0.11791
2018,4,14,7.5,0.141542,9.413043,43.647,0.1,11.689815,40.25,1.464023,0.073376
2018,4,15,5.8,0.065833,2.691667,47.882,0.129167,11.25,44.5,2.486481,0.09579
2018,4,16,0.5,0.097417,4.680952,44.882,0.1,2.777778,59.125,1.984898,0.047282
2018,4,17,3.8,0.1316,8.369565,32.846,0.09,5.578704,45.833333,0.827398,0.063274
2018,4,18,4.7,0.142083,12.666667,44.765,0.204167,5.300926,61,1.283967,#N/A
2018,4,19,2.8,0.091958,6.691667,35.353,0.054167,6.134259,61.958333,1.641935,0.06474
2018,4,20,5.2,0.172083,12.286957,37,0.1125,11.412037,42.875,0.799533,0.052723
2018,4,21,6.2,0.138,8.733333,41,0.066667,15.995371,36.208333,0.799533,0.056362
2018,4,22,5.3,0.0865,6.408333,42.824,0.066667,16.25,34.416667,1.515467,0.066465
2018,4,23,6.9,0.141526,10.63,33.462,0.036842,14.004629,32.625,1.596921,0.108578
2018,4,24,8.9,0.196667,12.933333,39.588,0.1125,14.629629,30.416667,1.697667,0.092453
2018,4,25,7.6,0.16425,9.141667,46.941,0.079167,17.824074,29.75,1.026745,0.09831
2018,4,26,7.5,0.119042,8.313043,49.588,0.079167,18.773148,31.791667,1.416866,0.094466
2018,4,27,7,0.208625,6.075,52.176,0.075,14.212963,34,2.032055,0.114638
2018,4,28,5.5,0.143167,4.7625,51.294,0.008333,9.328704,41.125,1.871292,0.093674
2018,4,29,3.7,0.138292,4.6,34.588,0,7.337963,59.25,1.907731,#N/A
2018,4,30,3.6,0.168714,9.531579,41.467,0.047619,7.708333,56.916667,1.144639,0.075823
2018,5,1,2,0.117375,3.520833,40.824,0.008333,10.740741,45.583333,1.517611,0.058639
2018,5,2,4.2,0.15075,6.978261,38.118,0.033333,12.384259,36.708333,1.290398,0.062965
2018,5,3,6.5,0.177125,9.4,40.824,0.0125,15.995371,36.916667,0.891703,0.084965
2018,5,4,8.2,0.170375,7.65,42.529,0.016667,18.495371,37.708333,1.176792,0.129632
2018,5,5,7.7,0.1745,5.934783,45,0.041667,18.148148,35.458333,1.112486,#N/A
2018,5,6,5.7,0.159625,6.6875,55.294,0.120833,17.800926,30.041667,1.401861,0.083743
2018,5,7,7.3,0.15219,11.69,49.5,0.02381,18.981482,24.791667,0.926,0.070283
2018,5,8,6.4,0.142917,6.76087,50,0.029167,20.625,32.625,1.759828,0.066258
2018,5,9,2.8,0.124583,5.120833,44.353,0.05,18.958333,28.25,1.85843,0.060089
2018,5,10,4.3,0.136583,5.595833,53.588,0.016667,17.199074,30.458333,1.644078,0.055095
2018,5,11,4,0.132833,3.669565,46,0.004167,11.550926,37.125,2.229259,0.06283
2018,5,12,4.5,0.330708,6.433333,26.294,0,10.324074,61.041667,1.298972,0.051865
2018,5,13,4.7,0.233042,7.795833,32.059,0.004167,13.194444,66.166667,0.941005,0.105614
2018,5,14,3.8,0.166762,9.32,35.4,0.042857,14.004629,56.708333,0.855264,0.07665
2018,5,15,5.1,0.1635,8.391667,40.882,0.045833,15.324074,50.666667,1.264676,0.087846
2018,5,16,5.5,0.154292,7.666667,43.294,-0.004167,10.023148,72.416667,1.455449,0.200709
2018,5,17,5.3,0.166208,8.143478,35.647,0.004167,13.217593,64.458333,0.855264,0.108882
2018,5,18,6.3,0.2155,10.7875,35.294,0.054167,15.046296,61.708333,0.971014,0.134564
2018,5,19,6,0.1605,6.254167,37,0,15.763889,54.458333,1.097481,0.111709
2018,5,20,6.5,0.155792,5.995652,50.765,0.029167,16.851852,42.708333,1.131778,0.102297
2018,5,21,5.5,0.11755,8.13,38.4,0.01,15.046296,61.333333,0.910995,0.153345
2018,5,22,4.9,0.146167,8.116667,40.765,0.025,16.111111,59.75,1.020315,0.101892
2018,5,23,5.7,0.181917,9.595652,40.235,0.045833,16.689815,57.041667,1.095338,0.107552
2018,5,24,6.9,0.151083,6.808333,46.059,0.016667,15.648148,62.666667,0.941005,0.16329
2018,5,25,3.7,0.14375,5.379167,36.824,0,12.222222,67.458333,1.761972,0.070368
2018,5,26,2.2,0.178292,4.182609,22.235,0.004167,11.203704,64.083333,1.318264,#N/A
2018,5,27,5.2,0.19,9.091667,35.118,0.029167,14.837963,56.75,0.966727,#N/A
2018,5,28,6.5,0.154875,7.745833,41.118,0,18.703704,43.833333,0.921713,#N/A
2018,5,29,6.4,0.117318,6.128571,48.118,0.090909,20.949074,38.458333,1.483315,#N/A
2018,5,30,5.5,0.132208,7.354167,48.941,0.2125,19.166667,32.416667,1.371852,#N/A
2018,5,31,4.1,0.124208,4.9125,52.941,0.091667,14.699074,24.833333,1.984898,#N/A
2018,6,1,6.6,0.164,9.721739,42.529,0.025,15.185185,34.291667,1.050324,#N/A
2018,6,2,6.4,0.154833,9.7875,45.235,0.008333,19.745371,29.583333,1.358991,#N/A
2018,6,3,7.7,0.134958,7.45,50.294,0.129167,22.546296,28,1.834852,#N/A
2018,6,4,5,0.134579,7.516667,37.727,0.263158,22.800926,24.208333,2.252838,#N/A
2018,6,5,4,0.117875,9.242857,43.235,0.295833,21.851852,21.541667,1.125347,#N/A
2018,6,6,5.3,0.131417,7.1375,49.882,0.341667,20.185185,28.333333,1.564769,#N/A
2018,6,7,6,0.146375,6.504167,52.647,0.320833,19.606482,28.333333,1.288255,#N/A
2018,6,8,8.5,0.134042,5.73913,54.529,0.254167,19.444444,30.541667,1.646222,#N/A
2018,6,9,4.7,0.097625,2.645833,46.647,0.291667,16.666667,34.625,2.072782,#N/A
2018,6,10,3.6,0.114333,3.479167,41.588,0.154167,14.837963,38.25,1.022458,#N/A
2018,6,11,6.9,0.13519,8.355,49.125,0.166667,19.768518,31.083333,0.992449,#N/A
2018,6,12,6.6,0.15025,7.591667,52.765,0.175,22.512077,29.478261,1.433734,#N/A
2018,6,13,7,0.135625,5.995833,49,0.279167,24.050926,26.958333,1.965606,#N/A
2018,6,14,6.8,0.148083,9.117391,47.235,0.479167,23.125,25.833333,1.575486,#N/A
2018,6,15,6.8,0.165917,9.745833,58.706,0.645833,21.736111,26.125,1.575486,#N/A
2018,6,16,7.7,0.127458,4.5125,53.824,0.5875,19.166667,32.041667,1.909875,#N/A
2018,6,17,3.6,0.100417,3.33913,41.765,0.108333,12.962963,59.791667,1.614069,#N/A
2018,6,18,6.2,0.132857,7.242857,38.8,0.095238,16.898148,47.875,1.009597,#N/A
2018,6,19,8.3,0.13925,7.958333,42.353,0.170833,19.837963,40.083333,0.945292,#N/A
2018,6,20,7.5,0.134292,6.665217,47.471,0.216667,22.824074,31.083333,1.566912,#N/A
2018,6,21,5.7,0.135417,7.470833,50.176,0.1625,22.777778,20.458333,1.483315,#N/A
2018,6,22,6.6,0.11625,6.333333,49.294,0.133333,24.328704,23.583333,1.451162,#N/A
2018,6,23,5.2,0.131333,5.078261,50.294,0.104167,23.935185,24.958333,1.219662,#N/A
2018,6,24,5.2,0.124667,5.170833,53.647,0.1375,24.629629,25.083333,1.335412,#N/A
2018,6,25,8,0.13375,6.37,46.929,0.255,26.574074,22.791667,1.860574,#N/A
2018,6,26,6,0.1597,7.93913,42,0.19,25.324074,19.666667,1.65694,#N/A
2018,6,27,5,0.12225,7.19,52.118,0.320833,24.120371,20.875,1.836995,#N/A
2018,6,28,6,0.155583,8.808333,49.529,0.370833,22.523148,25.875,1.680519,#N/A
2018,6,29,5.6,0.12125,4.965217,48.176,0.145833,21.828704,31.25,1.16393,#N/A
2018,6,30,4.9,0.14075,8.129167,44.353,0.0875,22.777778,24.416667,1.404005,#N/A
2018,7,1,6.8,0.118583,4.758333,46.118,0.1,25.208333,24,1.34613,#N/A
2018,7,2,6.2,0.118286,5.395,38.091,0.17619,26.111111,28,1.920592,#N/A
2018,7,3,7.1,0.173857,5.785714,46.4,0.342857,23.194444,27.083333,1.305403,0.098231
2018,7,4,13.7,0.165083,6.170833,54.059,0.316667,23.009259,26.958333,1.438301,0.207282
2018,7,5,7.4,0.123625,6.017391,51.706,0.308333,23.356482,20.958333,1.556194,0.042111
2018,7,6,5.9,0.102583,5.608333,34.588,0.166667,25.717593,19.916667,1.637648,0.034394
2018,7,7,7.7,0.124955,5.904545,40.8,0.186364,26.565657,25,1.6205,0.03765
2018,7,8,6.2,0.171048,6.71,33.529,0.252632,27.724868,20.809524,1.957339,0.027353
2018,7,9,6.2,0.108762,9.990476,47.667,0.17619,25.879629,20.791667,1.819847,0.040958
2018,7,10,6,0.123,7.1375,36.706,0.220833,25.439815,23.416667,1.382569,0.03439
2018,7,11,7.4,0.120958,5.908696,42.059,0.245833,26.898148,25.375,1.249671,0.061704
2018,7,12,6.9,0.125083,5.941667,50,0.2875,28.125,26.25,1.35256,0.072939
2018,7,13,9.5,0.171292,8.166667,45.176,0.341667,26.759259,30.541667,1.058898,0.101171
2018,7,14,13.9,0.170833,6.265217,42.412,0.275,27.824074,33.041667,1.069616,0.118098
2018,7,15,11.9,0.202875,8.2375,52.706,0.279167,28.263889,35.291667,1.549764,#N/A
2018,7,16,8.5,0.109,6.871429,52.75,0.12381,27.407407,27.833333,1.401861,#N/A
2018,7,17,11.3,0.147667,5.765217,60.765,0.079167,27.939815,23.875,1.51118,#N/A
2018,7,18,11.7,0.158792,6.554167,55.235,0.091667,28.564815,21.625,1.459736,#N/A
2018,7,19,9.6,0.141667,5.633333,53.412,0.104167,29.097222,23.375,1.311833,#N/A
2018,7,20,19.8,0.239042,8.721739,50.294,0.2875,26.087963,32.75,1.635505,#N/A
2018,7,21,18.1,0.264208,12.233333,37.824,0.183333,23.796296,50.833333,0.65163,#N/A
2018,7,22,15.2,0.21725,9.908333,41.412,0.108333,23.819444,51.541667,0.831685,#N/A
2018,7,23,13.7,0.15925,10.125,49.786,0.06,25.254629,42.208333,0.906708,0.162475
2018,7,24,13.4,0.151083,#N/A,51.176,0.1,27.986111,33.041667,1.457592,0.162209
2018,7,25,9.3,0.126458,#N/A,46.235,0.104167,28.287037,24.833333,1.354703,0.050733
2018,7,26,17.1,0.206958,#N/A,53.882,0.145833,28.518518,24.75,1.069616,0.261155
2018,7,27,26,0.259917,6.063636,56.647,0.225,28.263889,20.625,1.526185,0.331799
2018,7,28,29.3,0.297625,7.1375,65.529,0.2625,27.199074,20.833333,1.271106,0.462763
2018,7,29,48.6,0.394292,6.36087,67.588,0.308333,27.152778,21.958333,1.286111,1.107838
2018,7,30,50.8,0.397905,8.295,69.6,0.342857,28.449074,20.541667,1.429727,1.478435
2018,7,31,42.7,0.404042,12.520833,61.765,0.320833,29.143518,22.958333,1.176792,0.728388
2018,8,1,28.3,0.31025,9.421739,57.176,0.304167,28.032407,22.708333,1.806986,0.353868
2018,8,2,12.7,0.193792,10.191667,52.588,0.225,26.712963,16.708333,1.410435,0.089029
2018,8,3,29.2,0.30675,9.929167,57.941,0.270833,25.138889,16,1.51118,0.177521
2018,8,4,48,0.400042,9.108696,57.941,0.333333,22.916667,20.083333,1.860574,0.639341
2018,8,5,18.5,0.2045,5.758333,52.824,0.1875,22.199074,22.5,1.288255,0.194009
2018,8,6,37.7,0.331682,9.328571,58.941,0.195455,23.981482,22.375,1.112486,0.590229
2018,8,7,34.7,0.288043,11.982609,57.765,0.283333,26.157407,22.875,0.842403,0.493202
2018,8,8,42.8,0.483333,8.508333,63.118,0.266667,27.754629,22.708333,1.296828,0.561072
2018,8,9,39.5,0.459417,8.554167,63.294,0.245833,28.078704,19.958333,1.363278,0.595063
2018,8,10,23.7,0.542583,13.973913,60.176,0.254167,28.287037,19.625,0.818824,0.661719
2018,8,11,15.4,0.35525,8.104167,53.471,0.179167,28.032407,18.625,1.427583,#N/A
2018,8,12,11.5,0.164167,7.183333,47.529,0.1,26.828704,21.75,1.800555,0.30902
2018,8,13,9.1,0.152455,9.225,51,0.177273,26.712963,21.666667,1.283967,0.180967
2018,8,14,10.7,0.169042,8.683333,42.941,0.1375,25.393518,26.875,1.076046,0.30035
2018,8,15,12.5,0.210833,9.966667,51.647,0.145833,26.875,26.958333,1.333269,0.177356
2018,8,16,10.4,0.151458,7.021739,47.471,0.129167,25.555556,27.375,1.635505,0.143776
2018,8,17,9,0.137417,7.5125,40.529,0.108333,25.393518,28.666667,1.350417,0.048255
2018,8,18,7.3,0.12775,6.216667,45.353,0.0625,25.578704,22.583333,1.562625,0.044885
2018,8,19,9.9,0.131375,4.704348,57.588,0.095833,25.925926,21.833333,1.929167,0.098979
2018,8,20,12.2,0.172409,7.01,50.647,0.25,25,19.5,1.296828,0.122383
2018,8,21,12.7,0.167375,8.2375,50.765,0.220833,23.495371,23.833333,1.350417,0.275275
2018,8,22,12.9,0.176625,7.413043,52.941,0.125,22.615741,21.708333,1.23038,0.227199
2018,8,23,12.2,0.176,7.716667,46.118,0.145833,22.222222,25.875,1.42544,0.102508
2018,8,24,15.2,0.2385,10.916667,61.176,0.158333,21.203704,23.208333,1.183222,0.140133
2018,8,25,21,0.263,7.76087,67.118,0.108333,20.902778,21.958333,1.601208,0.181412
2018,8,26,19.5,0.261083,8.554167,62.706,0.133333,20.787037,20.458333,1.609782,0.360517
2018,8,27,12.2,0.224667,10.983333,39.471,0.2625,21.990741,23.083333,1.23681,0.139595
2018,8,28,9.5,0.186045,10.48,35.706,0.245455,21.064815,31.583333,1.262532,0.102844
2018,8,29,10.5,0.179083,8.404167,38.353,0.225,22.337963,33.833333,1.406148,0.150479
2018,8,30,7,0.153875,8.8375,59.118,0.229167,20.949074,28.208333,1.446875,0.043775
2018,8,31,11.5,0.196042,9.747826,44.824,0.175,19.583333,28.083333,1.118917,0.120201
2018,9,1,14,0.198667,8.166667,41.824,0.129167,21.273148,30.5,0.840259,0.14338
2018,9,2,12.2,0.18725,8.079167,47.706,0.125,22.754629,23.958333,0.808106,0.126428
2018,9,3,10.2,0.169542,6.626087,55.824,0.091667,24.305556,19.458333,1.013884,0.158242
2018,9,4,17.6,0.200143,8.168421,56.333,0.22381,24.143518,21.25,1.170361,0.298486
2018,9,5,20.2,0.246208,7.970833,52.118,0.179167,23.796296,26,1.022458,0.289816
2018,9,6,11.7,0.164625,9.96087,45.059,0.104167,23.287037,29.291667,1.404005,0.099711
2018,9,7,7.9,0.142417,8.466667,45.765,0.066667,23.217593,24.083333,1.506894,0.033963
2018,9,8,5,0.154833,9.595833,40.529,0.066667,22.777778,19.708333,1.350417,0.029029
2018,9,9,6.2,0.123167,6.76087,50.294,0.0625,21.342593,19.166667,1.198227,0.028858
2018,9,10,7.2,0.139714,9.247619,55.933,0.138095,21.388889,18.166667,1.153213,0.04942
2018,9,11,7.6,0.201542,12.625,43.882,0.233333,20.486111,20.875,1.66337,0.058889
2018,9,12,3.1,0.114792,4.686957,48.118,0.058333,17.916667,14.416667,1.768403,0.026768
2018,9,13,4.3,0.147958,7.55,45.294,0.066667,16.319444,21.458333,1.19394,0.039295
2018,9,14,6,0.17375,12.6375,33.882,0.129167,16.759259,27.5,1.020315,0.038632
2018,9,15,4.2,0.112958,6.456522,39.941,0.1125,17.430556,28.125,1.648366,0.033191
2018,9,16,4.6,0.173625,10.1625,47.059,0.083333,16.921296,28.166667,0.921713,0.023545
2018,9,17,5.5,0.135857,9.257143,51.667,0.1,17.615741,27.208333,1.275394,0.032856
2018,9,18,5.2,0.180524,8.075,50.154,0.228571,17.777778,28.166667,0.973157,0.028841
2018,9,19,4,0.166917,9.229167,45.824,0.095833,17.037037,27.166667,1.12106,0.051672
2018,9,20,7.2,0.210458,15.708333,32.588,0.1125,16.296296,29.833333,1.356847,0.052628
2018,9,21,8.5,0.181917,11.108696,48.176,0.104167,19.097222,25.833333,1.174648,0.049325
2018,9,22,9.2,0.277,18.4875,43.235,0.191667,19.143518,27.708333,1.028889,0.039521
2018,9,23,5.7,0.160083,9.408333,44.118,0.133333,19.490741,22.416667,1.266819,0.035612
2018,9,24,5.8,0.148909,14.085,34.706,0.05,15.972222,26.875,1.11463,0.055128
2018,9,25,5.7,0.213042,16.4375,31.471,0.141667,15.787037,25.166667,1.301116,0.030863
2018,9,26,7.2,0.208375,15.75,34.647,0.120833,17.245371,24.208333,1.1575,0.03671
2018,9,27,9.2,0.259083,18.665217,40.353,0.183333,20.023148,22.75,0.910995,0.041129
2018,9,28,7.6,0.211792,11.4125,51.588,0.229167,21.087963,24.875,1.086764,0.058503
2018,9,29,6.9,0.20375,9.541667,36.471,0.229167,18.078704,35.25,1.118917,0.037158
2018,9,30,5.5,0.176417,10.326087,33.235,0.1125,16.643518,34.458333,0.818824,0.035088
2018,10,1,6.5,0.190682,11.219048,35.706,0.213636,18.680556,31.416667,0.711648,0.032816
2018,10,2,7.5,0.198333,14.666667,30.765,0.270833,17.731482,41.708333,0.743801,0.033684
2018,10,3,5,0.172083,10.973913,29.059,0.1125,14.236111,61.208333,1.035319,#N/A
2018,10,4,3.3,0.155792,8.3625,28,0.075,13.009259,61.458333,1.234667,0.028432
2018,10,5,5.5,0.159167,9.4625,33.588,0.070833,12.5,58.25,0.983875,0.053613
2018,10,6,3.8,0.155125,5.921739,29.588,0.033333,10.601852,67.416667,1.283967,0.02613
2018,10,7,4.2,0.174167,7.279167,22.941,0.025,8.773148,54.333333,0.799533,0.029416
2018,10,8,6.5,0.218125,13.670833,27,0.195833,11.180556,49.208333,0.902421,0.025179
2018,10,9,3.7,0.126857,8.915789,36.4,0.1,14.328704,45.166667,1.768403,0.032923
2018,10,10,3.1,0.171917,10.683333,30.529,0.166667,10.462963,47.708333,1.071759,0.048764
2018,10,11,2.1,0.200542,11.141667,20.118,0.166667,10.671296,48.125,1.022458,0.067819
2018,10,12,6.1,0.254333,16.826087,23.529,0.2375,10.185185,44.916667,1.264676,0.034245
2018,10,13,5.1,0.23175,15.525,24,0.108333,11.574074,37.208333,0.928144,0.033974
2018,10,14,5.6,0.217292,13.966667,27.059,0.079167,7.476852,34.583333,1.095338,0.035676
2018,10,15,6.2,0.285727,23.795,24.059,0.2,7.199074,30.083333,0.966727,0.031922
2018,10,16,7.9,0.28975,21.291667,22,0.241667,8.287037,30.791667,1.20037,0.037161
2018,10,17,7.2,0.263083,21.566667,23.118,0.204167,10.162037,34.708333,1.033176,0.041357
2018,10,18,9.9,0.34,23.473913,20,0.383333,11.481482,35.458333,0.945292,0.039384
2018,10,19,7.6,0.259208,19.55,23.588,0.145833,11.828704,34.833333,1.434014,0.039373
2018,10,20,7.2,0.233833,16.708333,25.588,0.141667,11.828704,34.333333,1.223949,0.037515
2018,10,21,5.6,0.190333,13.726087,33.471,0.104167,12.361111,33.125,0.872412,0.055393
2018,10,22,6.9,0.1955,14.771429,37.824,0.122727,12.800926,35,0.760949,0.067693
2018,10,23,9.4,0.237833,16.316667,34.824,0.154167,11.782407,36.583333,1.065328,0.074459
2018,10,24,9,0.205182,14.447619,37.529,0.118182,12.592593,33.458333,1.04818,0.078635
2018,10,25,9,0.251292,17.391667,26.176,0.1,12.384259,37.958333,1.118917,0.065603
2018,10,26,12.7,0.420542,24.025,15.294,0.304167,14.074074,43.416667,0.469431,0.038108
2018,10,27,10,0.397958,16.804348,26.235,0.316667,15.578704,43.708333,0.65163,#N/A
2018,10,28,4.2,0.17875,9.7375,31.059,0.091667,15.300926,40.166667,1.103912,0.032679
2018,10,29,1.7,0.116682,8.773684,29.294,0,10.717593,45.041667,1.408292,0.047155
2018,10,30,5,0.268,19.2,17.588,0.229167,5.925926,46.75,1.256102,0.042573
2018,10,31,6.6,0.308083,23.4125,16.176,0.158333,7.592593,40.958333,0.983875,#N/A
2018,11,1,7.7,0.277708,20.716667,19.294,0.129167,10.995371,52.208333,0.956009,0.039672
2018,11,2,8.5,0.311125,18.743478,27.235,0.283333,12.384259,46.916667,1.024602,0.049528
2018,11,3,6.2,0.259708,15.941667,25.412,0.066667,10.162037,40.666667,0.941005,#N/A
2018,11,4,7.8,0.262542,16.558333,34.294,0.216667,12.222222,37.25,1.178935,#N/A
2018,11,5,4.4,0.283,19.969565,14.5,0.155556,8.865741,43.958333,0.96887,#N/A
2018,11,6,6.4,0.308458,23.891667,17.647,0.229167,6.273148,33.291667,0.960296,0.047583
2018,11,7,9,0.37775,24.15,17.118,0.429167,5.578704,33.833333,0.921713,0.050475
2018,11,8,7.5,0.429,24.095652,19.471,0.266667,3.032407,38,1.058898,0.059769
2018,11,9,9.7,0.334208,28.1,13.941,0.3375,2.361111,36.916667,1.125347,0.067352
2018,11,10,11.5,0.497625,28.216667,15.706,0.545833,4.004629,37.833333,0.617333,0.077949
2018,11,11,7.4,0.333917,20.708696,19.824,0.141667,2.800926,37.375,1.232523,0.038341
2018,11,12,9,0.321292,25.545833,12.059,0.291667,1.990741,34.375,1.159644,0.047411
2018,11,13,10.5,0.382619,33.516667,7.333,0.419048,3.009259,33.416667,1.04818,0.092778
2018,11,14,10.6,0.481083,31.126087,7,0.6375,4.143518,33.916667,0.992449,0.128375
2018,11,15,13.5,0.503042,30.6875,5.882,0.804167,5.046296,32.541667,0.947435,#N/A
2018,11,16,10.8,0.464958,30.341667,8.941,0.608333,5.486111,34.083333,0.840259,0.095232
2018,11,17,11.2,0.450292,26.508696,12.059,0.495833,5.324074,38.333333,0.917426,0.149301
2018,11,18,7.5,0.273333,20.766667,16.353,0.133333,4.027778,44.708333,1.305403,0.06184
2018,11,19,10.5,0.383778,27.2,3.727,0.366667,2.777778,47.791667,1.052467,0.053826
2018,11,20,11.2,0.39225,27.83,9.294,0.4125,3.101852,45.291667,1.031032,0.105591
2018,11,21,9.8,0.467667,23.3875,27.176,0.809524,5.879629,51.875,0.713792,0.06642
2018,11,22,2.8,0.142261,7.375,39.529,-0.004762,5.949074,69.5,1.140352,0.038517
2018,11,23,1.6,0.12125,5.152174,36.941,0.008333,9.537037,58.458333,1.659083,#N/A
2018,11,24,1.3,0.114958,5.066667,28.765,0.004167,9.837963,54.833333,1.849856,0.031847
2018,11,25,3,0.209167,14.645833,20.471,0.033333,5.555556,52.208333,0.910995,0.037677
2018,11,26,9.8,0.385619,24.85,6.286,0.347619,4.699074,60.458333,0.583037,#N/A
2018,11,27,9.5,0.508333,24.704167,25.941,0.6625,6.412037,66.541667,0.70093,#N/A
2018,11,28,5,0.297458,16.75,19.235,0.191667,7.384259,67,0.910995,#N/A
2018,11,29,4.3,0.22775,13.317391,28.941,0.170833,4.467593,79.291667,0.688069,#N/A
2018,11,30,4.6,0.215875,9.845833,24.235,0.091667,4.629629,58.583333,1.328981,0.05729
2018,12,1,2.8,0.192125,9.783333,37.176,0.05,2.523148,61.791667,2.014907,0.04357
2018,12,2,2.8,0.231583,12.634783,23.588,0.0375,0.439815,59.208333,0.812394,0.039796
2018,12,3,4.1,0.174955,13.6,32.706,0.027273,-0.949074,59.291667,1.457592,0.047469
2018,12,4,3.4,0.150333,11.883333,22.824,0.004167,-1.041667,79.791667,1.376139,#N/A
2018,12,5,3.7,0.172375,15.66087,26.353,0.075,-0.763889,85.125,0.949578,#N/A
2018,12,6,2.1,0.149708,12.008333,22.059,0.016667,-0.416667,80.416667,1.421153,#N/A
2018,12,7,#N/A,0.1865,13.9375,18.118,-0.008333,0.486111,80.083333,0.602328,#N/A
2018,12,8,#N/A,0.203292,14.86087,18.647,-0.004167,-0.717593,85.125,0.979588,#N/A
2018,12,9,#N/A,0.169,10.779167,13,-0.025,-0.300926,80.5,0.718078,0.096245
2018,12,10,#N/A,0.262455,16.76,11.529,0.1,0.787037,80.291667,0.670921,#N/A
2018,12,11,11.4,0.259167,17.186957,16.882,0.045833,2.662037,75.5,0.790958,0.09449
2018,12,12,6,0.256375,17.666667,20.353,-0.0125,5.717593,48.125,1.082477,0.043105
2018,12,13,9.4,0.364583,25.4375,11.118,0.229167,2.453704,58.458333,0.930287,0.051585
2018,12,14,9.3,0.307917,18.726087,31.235,0.329167,5.717593,46.833333,0.990305,0.046665
2018,12,15,12.4,0.615042,36.679167,4.176,0.679167,4.490741,45.875,0.445852,#N/A
2018,12,16,8.8,0.44925,21.6125,34.059,0.591667,5.601852,51.791667,0.662347,0.039547
2018,12,17,2.4,0.158636,10.857895,26.882,0.109091,7.314815,50.416667,1.328981,0.031668
2018,12,18,6,0.260789,22.333333,28.923,0.157895,7.004831,54.086957,1.010995,0.02628
2018,12,19,8.9,0.4325,24.735,8.294,0.5875,5.902778,66.625,0.81668,#N/A
2018,12,20,9.2,0.380667,22.230435,31.235,0.591667,6.504629,53.708333,1.022458,0.045043
2018,12,21,1.8,0.206042,14.004167,21.824,0.133333,7.615741,64.875,0.973157,#N/A
2018,12,22,7.5,0.344875,21.15,10.471,0.258333,2.361111,72.541667,0.540167,#N/A
2018,12,23,10.5,0.424083,25.686957,13.235,0.366667,4.513889,76,0.441565,#N/A
2018,12,24,6,0.247667,17.2875,33.235,0.1875,4.629629,79.791667,0.707361,#N/A
2018,12,25,0.8,0.143708,7.1,22.882,0.041667,2.754629,69.041667,1.470453,0.027597
2018,12,26,10.3,0.463458,24.256522,12.235,0.45,0.393518,72.791667,0.61519,0.056461
2018,12,27,1.1,0.145636,7.214286,37.235,0.027273,0.555556,58.208333,1.946314,0.036944
2018,12,28,4.4,0.307792,16.683333,16.059,0.175,-1.782407,58.041667,0.88313,0.0374
2018,12,29,13.8,0.486042,27.46087,8.824,0.508333,-0.833333,60.375,0.780241,0.039873
2018,12,30,12.5,0.543917,18.266667,35.588,0.733333,3.634259,53.541667,1.136065,0.049284
2018,12,31,1.6,0.197545,12.233333,31,0.077273,-1.921296,53.25,1.485458,0.03048
